Trip_Distance_km,Starting_Day,Day_of_Week,Palette_Count,Load_Count,Weather,Base_Fare,Per_Km_Rate,Per_Minute_Rate,Trip_Duration_Minutes,Trip_Price
193.5,Morning,Weekday,3.0,Low,Clear,35.6,0.8,0.32,538.2,362.624
475.90000000000003,Afternoon,Weekday,1.0,High,Clear,,0.62,0.43,405.7,
368.7,Evening,Weekend,1.0,High,Clear,27.0,1.21,0.15,372.70000000000005,529.0319999999999
303.29999999999995,Evening,Weekday,4.0,Low,,34.8,0.51,0.15,1168.1,364.698
,Evening,Weekday,3.0,High,Clear,29.3,0.63,0.32,226.4,156.18
86.4,Afternoon,Weekend,2.0,Medium,Clear,25.5,1.71,0.48,893.3,602.028
38.5,Afternoon,Weekday,4.0,High,Rain,35.099999999999994,1.66,,50.5,112.645
434.4,Evening,Weekend,3.0,,Clear,29.700000000000003,1.87,0.23,,1011.216
304.5,Morning,Weekday,3.0,High,Clear,27.7,1.78,0.34,1103.3,
357.0,Afternoon,Weekday,2.0,Low,Rain,33.9,1.52,0.47,,755.657
,Morning,Weekday,4.0,,Clear,24.0,0.58,0.43,263.4,148.92
485.3,Night,Weekday,3.0,Low,Clear,47.800000000000004,,0.5,799.4,
417.9,Night,Weekend,3.0,High,Clear,46.0,1.77,0.11,869.5,881.3279999999999
114.0,Morning,Weekday,3.0,,Clear,41.2,,0.15,841.2,361.18
99.1,Evening,Weekday,2.0,High,Clear,23.2,1.26,0.34,417.2,289.914
99.9,Night,Weekday,4.0,High,Clear,43.3,0.85,0.43,340.0,274.415
159.1,Morning,Weekday,4.0,Low,Clear,44.2,1.77,0.21,1149.3000000000002,567.16
267.1,Afternoon,Weekend,4.0,Low,Rain,43.0,1.59,0.2,1111.8000000000002,690.0490000000001
221.70000000000002,Night,,4.0,Low,Clear,23.4,1.97,0.41,575.9000000000001,696.268
152.7,Morning,,,Low,Clear,39.300000000000004,0.73,0.12,,273.543
309.8,Afternoon,Weekend,1.0,Low,Rain,45.0,0.84,0.25,570.2,447.782
78.4,Morning,Weekday,4.0,Medium,,37.3,0.82,0.3,538.0,262.988
1059.4355003672597,Night,Weekend,2.0,Low,Rain,39.4,1.69,0.32,230.3,2018.69509186128
189.5,Night,Weekday,1.0,Low,Clear,33.8,0.78,0.39,540.4,392.36600000000004
233.5,Night,,3.0,Low,Rain,35.9,0.6,0.24,668.0,336.32000000000005
394.7,Afternoon,Weekday,1.0,Low,Clear,,,0.35,75.9,836.9649999999999
107.8,Evening,,3.0,High,Rain,39.2,0.54,0.33,560.7,282.443
1380.9832791310237,Evening,Weekend,4.0,Medium,Rain,22.400000000000002,1.75,0.32,948.6,2808.773015540656
300.3,,Weekday,1.0,High,Clear,33.1,1.05,0.36,832.0999999999999,647.971
32.8,Evening,Weekday,2.0,Medium,Clear,28.799999999999997,1.76,0.2,780.4000000000001,242.60800000000003
307.7,Morning,Weekday,1.0,Low,Clear,36.4,1.33,0.13,1096.0,588.121
93.6,Afternoon,Weekday,1.0,Medium,Clear,24.0,1.85,0.15,70.7,207.765
41.900000000000006,Morning,Weekday,1.0,Low,Clear,40.7,1.89,0.19,690.6,
475.0,Morning,Weekend,,Low,Clear,43.9,0.51,0.3,955.5,572.8
483.2,Morning,Weekday,2.0,Low,Clear,24.900000000000002,0.61,0.44,672.5,615.552
406.1,Afternoon,Weekday,1.0,Low,Clear,23.1,0.88,0.38,422.5,541.018
159.3,Afternoon,Weekday,2.0,Low,,24.4,1.5,0.42,206.70000000000002,350.16400000000004
57.9,Evening,Weekday,4.0,Low,Clear,46.3,1.83,0.24,1070.6999999999998,409.225
345.3,Morning,Weekday,3.0,Medium,Clear,35.8,,0.26,591.4,600.471
225.7,Afternoon,Weekday,1.0,Low,Clear,34.0,1.41,,1059.8,627.7850000000001
69.80000000000001,Afternoon,Weekend,2.0,Low,Clear,23.2,0.78,0.18,723.7,207.91
252.60000000000002,Evening,Weekday,2.0,High,Clear,39.5,1.71,0.12,825.3,570.482
26.9,Afternoon,Weekday,4.0,Low,Clear,46.0,1.95,0.34,974.9,429.921
455.6,Afternoon,Weekday,,Low,Clear,,0.9,0.5,808.0,858.8400000000001
136.8,Evening,Weekend,3.0,High,Clear,38.8,,0.17,507.8,294.758
334.6,Afternoon,Weekend,2.0,Low,Rain,22.3,0.63,0.12,640.6999999999999,309.982
162.7,Morning,Weekday,1.0,Low,Clear,23.4,,0.41,973.5,640.5529999999999
264.8,Morning,Weekend,3.0,Medium,Clear,21.5,1.25,0.2,479.7,448.44
277.9,Evening,Weekday,2.0,Low,Clear,27.7,0.72,0.43,496.3,441.197
100.60000000000001,Morning,Weekday,2.0,Medium,Rain,24.1,1.16,0.38,160.0,201.596
485.09999999999997,Evening,Weekday,3.0,High,Rain,,1.0,0.48,1101.8000000000002,1041.7640000000001
389.79999999999995,Afternoon,Weekday,3.0,Low,Clear,31.6,1.28,0.26,154.70000000000002,570.766
470.4,Night,Weekday,4.0,Medium,,48.3,1.38,0.36,795.4000000000001,983.7959999999999
448.5,Evening,Weekend,1.0,Medium,Rain,38.3,0.51,0.29,525.2,419.343
303.0,Night,Weekend,1.0,Low,Clear,45.0,1.64,0.35,516.5,722.6949999999999
461.70000000000005,Afternoon,Weekday,4.0,Medium,Clear,41.3,1.57,0.28,831.5,998.989
53.4,,Weekday,2.0,Low,Clear,23.4,,0.18,127.2,102.36599999999999
106.0,Afternoon,Weekday,3.0,Medium,Clear,42.1,,0.3,732.8,323.41999999999996
32.2,Afternoon,Weekday,3.0,Low,Rain,28.3,1.63,0.31,937.8,371.50399999999996
169.4,Afternoon,Weekday,3.0,Medium,Snow,39.2,1.93,0.42,1002.4,787.1500000000001
200.5,Evening,,2.0,Low,,30.2,0.86,0.39,246.1,298.60900000000004
143.0,Night,Weekday,3.0,High,Clear,49.900000000000006,0.99,0.37,1082.0,591.81
416.1,Evening,Weekend,3.0,Low,Rain,27.9,0.78,0.15,,473.148
184.8,Afternoon,Weekday,4.0,Medium,Clear,28.4,1.37,0.39,1064.1,696.575
1460.670471598387,Afternoon,Weekday,2.0,Medium,Clear,47.9,0.73,0.3,608.1,3209.5866357823797
275.9,Evening,Weekend,1.0,Medium,Rain,20.7,1.03,0.46,673.3,614.595
79.1,Morning,Weekday,4.0,Medium,Clear,40.9,1.55,0.47,1106.9,683.7479999999999
403.1,Morning,Weekday,4.0,Medium,Clear,41.8,1.34,0.12,1084.8999999999999,712.142
46.5,Afternoon,Weekday,1.0,Medium,,45.099999999999994,1.08,0.43,565.4,338.442
493.6,Morning,,4.0,High,Rain,49.2,1.13,0.12,365.6,650.84
388.40000000000003,Morning,Weekend,2.0,Low,Clear,49.3,1.34,0.25,502.1,695.2810000000001
107.4,Morning,,3.0,Medium,Clear,22.0,0.51,0.32,495.90000000000003,235.462
12.7,Morning,Weekday,2.0,High,Clear,44.699999999999996,0.62,0.16,379.90000000000003,113.358
409.6,Morning,Weekend,1.0,High,,39.4,1.82,0.4,358.9,928.432
356.4,Night,Weekend,1.0,High,Rain,39.4,0.62,0.1,1040.2,364.38800000000003
367.2,,Weekend,,Low,Clear,23.900000000000002,1.56,0.17,130.29999999999998,618.883
387.9,Afternoon,Weekday,2.0,Low,Clear,39.5,1.88,0.33,829.3000000000001,1042.4209999999998
46.3,Afternoon,Weekday,,Medium,Clear,49.5,0.91,0.39,248.70000000000002,188.626
185.6,Morning,Weekend,1.0,Medium,Snow,47.400000000000006,,0.47,446.2,453.85
66.8,Night,Weekend,2.0,Medium,Clear,33.199999999999996,1.35,0.38,120.8,169.284
432.9,Evening,Weekday,1.0,Medium,Rain,21.200000000000003,1.82,0.37,360.5,942.4630000000001
315.4,Morning,Weekday,2.0,High,Clear,30.9,1.91,0.26,933.7,876.076
172.10000000000002,Afternoon,Weekday,2.0,Low,Rain,44.800000000000004,1.61,0.1,1067.8,428.66100000000006
41.1,Evening,Weekend,2.0,High,Rain,41.0,0.63,0.15,304.8,112.613
,Night,Weekday,1.0,Medium,Clear,33.8,1.5,0.31,583.1,458.161
169.3,Afternoon,Weekday,4.0,Low,Snow,21.7,1.12,0.37,590.9000000000001,429.949
367.5,Afternoon,Weekday,2.0,Medium,Clear,32.8,1.21,0.27,1054.6,762.217
,,Weekday,1.0,Medium,Clear,34.1,0.57,0.39,927.2,579.476
444.7,Night,Weekend,1.0,Low,Clear,47.9,0.79,0.31,640.0,597.613
241.4,Morning,Weekday,2.0,Low,,39.2,1.69,,821.4,553.948
68.60000000000001,Night,Weekend,2.0,High,Clear,29.3,1.18,0.18,1024.5,294.658
359.5,Afternoon,Weekend,4.0,Low,Clear,35.8,0.95,0.44,61.0,404.16499999999996
382.8,Afternoon,Weekday,1.0,Medium,Clear,,1.08,0.39,513.3,635.6110000000001
285.0,Afternoon,Weekday,1.0,Medium,Clear,49.2,1.78,0.46,1093.3,1059.4180000000001
387.8,Morning,Weekday,3.0,Medium,Clear,30.8,1.62,0.15,901.4,
,Morning,Weekend,1.0,Medium,Clear,34.300000000000004,0.91,0.5,674.3000000000001,600.77
266.1,Morning,Weekday,4.0,Low,Rain,30.7,0.68,0.18,659.0999999999999,330.28599999999994
219.5,Morning,Weekday,3.0,Medium,Clear,40.5,0.88,0.1,449.90000000000003,278.65
22.5,Evening,Weekend,3.0,Low,Clear,39.900000000000006,1.88,0.5,,406.5
62.9,Afternoon,Weekday,3.0,,Clear,41.5,1.37,0.21,803.7,296.45000000000005
25.4,Morning,Weekend,,Low,Clear,28.0,1.3,0.37,531.1,257.527
321.8,Night,Weekday,2.0,Medium,Rain,29.5,1.39,0.17,871.3,624.923
164.0,Evening,Weekday,1.0,,Rain,23.799999999999997,1.05,0.33,1040.4,539.332
259.20000000000005,Night,Weekday,3.0,Low,Clear,39.7,1.71,0.46,227.89999999999998,587.7660000000001
454.7,Night,Weekend,4.0,Low,Rain,21.200000000000003,1.28,0.23,569.3,734.155
132.20000000000002,Morning,Weekday,2.0,Low,Rain,37.9,0.68,0.37,519.2,319.9
211.1,Afternoon,Weekend,4.0,High,Rain,46.1,0.69,0.18,840.6,343.067
380.20000000000005,Evening,,4.0,,Clear,,1.31,0.35,337.29999999999995,662.817
1128.309582902826,Afternoon,Weekday,2.0,High,Snow,33.5,1.9,0.23,786.3,2330.0828520738887
47.699999999999996,Morning,Weekend,2.0,High,Clear,,0.96,0.18,1059.1,
1027.4755620694734,Evening,Weekday,2.0,Medium,Clear,22.3,1.8,0.23,530.9000000000001,2745.3508679715014
,Morning,Weekday,2.0,Low,Clear,40.099999999999994,1.65,0.17,1097.7,373.5590000000001
465.6,Morning,Weekday,3.0,Low,Clear,44.6,0.87,0.46,1192.1,998.038
406.0,Afternoon,Weekend,3.0,Medium,Clear,27.3,0.55,0.26,172.0,295.32000000000005
320.4,Afternoon,Weekday,3.0,Low,Clear,32.599999999999994,0.65,0.2,318.0,304.46000000000004
437.0,,Weekday,3.0,Low,Clear,45.199999999999996,1.59,0.28,1142.9,1060.042
403.8,Morning,Weekday,1.0,Medium,Rain,,0.8,0.23,1152.1,634.3230000000001
101.4,Evening,Weekday,3.0,High,Rain,27.3,1.06,0.4,162.39999999999998,199.74400000000003
447.40000000000003,,Weekday,2.0,Medium,Clear,36.5,1.25,0.49,67.2,628.678
274.3,Morning,Weekend,4.0,Low,Rain,25.8,1.59,0.28,235.3,527.821
405.6,Evening,Weekend,3.0,Medium,Rain,23.1,0.67,0.44,1195.4,820.8280000000001
449.09999999999997,Night,Weekday,1.0,Low,Rain,47.300000000000004,1.11,0.33,257.0,630.611
165.79999999999998,Evening,,2.0,Low,Clear,44.6,1.23,0.16,627.9,
63.9,Evening,Weekday,4.0,High,Clear,42.800000000000004,1.31,0.38,1025.6999999999998,516.275
121.7,Afternoon,Weekend,4.0,Low,Rain,21.5,1.73,0.31,73.5,254.82600000000002
219.3,Afternoon,,3.0,Low,,45.300000000000004,0.76,,745.1999999999999,480.24
410.79999999999995,Morning,,4.0,Low,,33.1,1.71,0.46,368.6,905.124
431.8,Afternoon,Weekday,3.0,High,Clear,30.299999999999997,1.54,,1041.7,986.948
13.4,,Weekend,3.0,Medium,Clear,36.4,1.33,0.46,376.0,227.18200000000002
260.3,Morning,Weekday,2.0,Medium,Clear,22.7,1.55,0.4,839.8000000000001,762.0850000000002
214.5,Evening,Weekday,2.0,Medium,Clear,42.699999999999996,1.12,0.3,825.4000000000001,530.56
118.80000000000001,Afternoon,Weekday,1.0,,,37.5,0.71,0.34,304.7,225.44600000000003
68.7,Morning,Weekday,2.0,Medium,Rain,25.6,1.5,0.23,90.0,149.35
175.39999999999998,Morning,Weekday,2.0,Low,Rain,25.6,1.29,0.49,520.6,506.96
,Afternoon,Weekend,3.0,Low,Clear,25.5,1.46,0.37,382.59999999999997,856.182
168.4,Morning,Weekend,2.0,Medium,Snow,21.7,1.01,0.12,980.3,309.42
264.20000000000005,Evening,Weekday,3.0,High,Clear,37.599999999999994,1.86,0.23,970.4000000000001,752.2040000000002
,,,3.0,Low,Clear,45.199999999999996,1.38,0.35,575.6,735.87
188.2,Afternoon,Weekday,2.0,Low,Rain,20.5,0.63,0.12,747.5,228.766
486.2,Afternoon,Weekend,1.0,Low,Rain,21.5,1.17,0.11,744.9,672.2929999999999
481.59999999999997,,Weekend,1.0,,Rain,37.2,1.63,0.28,1001.2,1102.544
1096.160820468801,Afternoon,Weekday,4.0,High,Clear,44.6,1.69,0.23,538.8000000000001,3272.1766546350464
,Afternoon,Weekend,4.0,Medium,Rain,29.8,1.24,0.28,366.8,447.09200000000004
157.4,Afternoon,Weekday,2.0,,Clear,30.5,1.84,0.21,354.79999999999995,394.624
149.60000000000002,Morning,Weekday,1.0,Medium,Rain,37.9,0.9,0.17,666.5999999999999,285.862
28.1,Evening,Weekend,3.0,Low,Rain,28.2,1.12,0.38,566.5,274.942
308.7,Evening,Weekday,4.0,Medium,Clear,20.8,1.85,0.31,556.1,764.2860000000001
256.3,Afternoon,Weekday,3.0,Medium,Clear,42.1,,0.18,154.8,541.556
35.2,Evening,Weekday,4.0,Medium,Rain,38.8,1.53,0.23,876.4,294.228
146.5,Evening,Weekend,2.0,High,Clear,37.400000000000006,1.79,,295.79999999999995,400.20700000000005
455.09999999999997,Evening,Weekday,1.0,Medium,Clear,42.300000000000004,0.63,0.13,276.5,364.958
127.4,Evening,Weekday,4.0,Low,Rain,40.300000000000004,1.8,0.16,524.7,353.57200000000006
81.0,Afternoon,Weekend,1.0,High,Clear,26.200000000000003,0.98,0.13,311.90000000000003,146.127
249.8,Afternoon,Weekend,3.0,Low,Rain,30.6,0.77,0.42,721.4,525.934
493.0,Afternoon,Weekday,2.0,Low,Clear,23.799999999999997,0.86,0.4,477.2,638.66
128.6,Evening,Weekday,1.0,Low,Clear,23.900000000000002,1.13,0.4,566.1999999999999,395.698
339.3,Morning,Weekday,2.0,Low,Rain,,0.88,0.39,667.6999999999999,599.2869999999999
383.2,Evening,Weekday,1.0,Medium,Clear,45.8,0.98,0.37,284.1,526.453
126.4,Evening,Weekday,3.0,Medium,Clear,,0.7,0.29,229.1,203.81900000000002
366.8,,Weekend,3.0,High,Rain,38.9,0.94,0.36,1062.5,766.192
190.2,Evening,Weekday,2.0,Medium,Clear,25.5,1.36,0.12,548.8000000000001,350.028
319.8,Morning,,3.0,Medium,Clear,23.2,1.16,0.35,523.9,577.533
320.4,,Weekday,4.0,Low,Clear,44.400000000000006,1.02,0.41,91.0,408.518
272.5,Evening,Weekend,1.0,Low,Rain,37.400000000000006,1.62,0.3,,665.6600000000001
54.2,Morning,Weekday,3.0,Medium,Rain,38.5,1.84,0.24,687.3000000000001,303.18
419.3,Evening,Weekend,4.0,Medium,Rain,43.4,1.64,0.21,692.6999999999999,876.519
,Evening,Weekday,2.0,High,Clear,41.1,1.0,0.36,863.1,519.0160000000001
101.4,Afternoon,Weekday,4.0,Low,Rain,45.0,1.62,0.38,254.1,
30.0,Morning,Weekday,2.0,Low,Clear,21.7,0.73,0.45,340.09999999999997,196.645
299.5,Morning,Weekday,2.0,Medium,Clear,42.400000000000006,0.7,0.24,982.3000000000001,487.802
342.0,,Weekday,1.0,Low,Clear,45.5,1.02,0.41,1139.2,861.412
18.1,Night,Weekday,1.0,Low,Rain,28.599999999999998,1.71,0.32,206.29999999999998,125.567
260.9,,Weekday,4.0,Medium,Rain,39.2,0.87,0.45,622.3,546.218
121.0,Morning,Weekend,,Low,Clear,,0.59,0.31,,192.64299999999997
326.1,Afternoon,,1.0,Medium,Clear,,0.7,0.31,119.1,313.89099999999996
95.39999999999999,Afternoon,Weekend,1.0,,Rain,21.0,1.79,0.33,424.3,331.78499999999997
348.6,Evening,Weekday,4.0,Low,Clear,37.400000000000006,1.45,0.4,215.2,628.95
199.5,Morning,Weekday,3.0,Low,,25.0,0.88,0.49,,
469.0,Evening,Weekday,1.0,High,Clear,41.4,1.33,0.13,663.8,
77.4,Afternoon,Weekday,1.0,Low,Clear,,1.29,0.12,215.39999999999998,150.994
177.10000000000002,Night,Weekday,4.0,Medium,Clear,27.1,1.48,0.48,60.599999999999994,318.29600000000005
65.6,Afternoon,Weekday,3.0,Low,Clear,34.8,0.85,0.31,979.4,394.174
463.1,Afternoon,Weekday,1.0,Medium,Rain,47.400000000000006,1.8,0.35,,969.3899999999999
439.90000000000003,Night,Weekday,2.0,Low,Clear,26.400000000000002,0.96,0.29,747.0999999999999,665.3629999999999
136.4,Morning,Weekday,4.0,Medium,Rain,24.3,1.54,0.14,437.5,295.606
333.40000000000003,Night,Weekend,1.0,Medium,Clear,42.800000000000004,0.52,0.41,723.3,512.721
410.4,Afternoon,Weekend,1.0,High,Clear,35.0,1.06,0.4,413.0,635.224
282.0,Morning,Weekend,2.0,Low,Clear,47.400000000000006,1.03,0.22,150.0,370.86
269.5,Afternoon,Weekend,2.0,Low,Clear,24.4,1.32,0.22,,447.548
128.5,Evening,Weekday,4.0,Low,Snow,39.4,0.61,,266.3,234.957
55.599999999999994,Morning,Weekday,4.0,High,Clear,,1.69,0.13,542.2,191.45
,Afternoon,Weekend,2.0,Medium,Clear,24.700000000000003,0.83,0.45,807.0,761.018
451.2,Afternoon,Weekday,4.0,Medium,Clear,,1.52,0.2,353.40000000000003,797.0039999999999
320.20000000000005,Afternoon,Weekday,2.0,,Clear,37.8,1.7,0.34,63.9,603.8660000000001
176.1,Morning,Weekday,1.0,Low,Clear,42.599999999999994,1.34,0.47,646.8000000000001,582.57
181.1,Evening,,2.0,Low,Rain,29.3,1.61,0.37,746.5999999999999,597.113
,Night,Weekday,2.0,High,Clear,33.4,1.49,0.27,1157.3,890.7640000000001
,Night,Weekend,3.0,Medium,Clear,32.2,1.03,0.38,727.9000000000001,771.8900000000001
444.7,Evening,Weekday,2.0,High,Clear,49.5,1.71,0.24,591.8,951.969
392.1,Morning,Weekday,2.0,Low,Snow,28.799999999999997,0.94,0.21,709.4,546.348
324.6,Evening,Weekend,3.0,,Clear,28.799999999999997,1.36,0.5,1117.1,1028.806
51.2,Morning,Weekday,4.0,Medium,Clear,,1.62,0.4,,514.5840000000001
89.2,Morning,Weekday,3.0,Low,Clear,36.9,1.07,0.36,421.4,284.048
450.3,Afternoon,Weekday,1.0,High,Clear,27.599999999999998,0.95,0.24,322.8,532.857
307.2,Afternoon,Weekend,3.0,,Clear,47.5,1.19,0.12,352.0,455.308
14.5,Evening,Weekend,1.0,High,Clear,28.0,1.73,,630.1,122.39599999999999
59.699999999999996,Afternoon,Weekday,4.0,Medium,Rain,46.900000000000006,1.89,0.32,905.6999999999999,449.5569999999999
335.09999999999997,Afternoon,Weekend,3.0,Low,Clear,23.1,1.32,0.4,628.6999999999999,
12.5,,Weekday,3.0,Low,Rain,39.7,1.49,0.31,128.0,98.005
88.80000000000001,Night,Weekend,4.0,High,Clear,47.199999999999996,1.85,0.44,882.0999999999999,599.6039999999999
278.9,,Weekend,1.0,Low,Clear,25.099999999999998,0.65,0.11,976.9,313.844
349.0,Afternoon,Weekend,3.0,Medium,Clear,49.0,0.85,0.25,382.9,441.375
329.5,Morning,Weekday,1.0,Medium,Clear,33.6,1.56,0.19,813.7,
119.9,Evening,Weekend,,Medium,Rain,48.4,1.74,0.28,540.6,408.39400000000006
359.0,,Weekend,2.0,High,Clear,40.300000000000004,1.79,0.13,1072.5,
126.30000000000001,Morning,Weekday,3.0,Low,,29.0,1.12,0.48,1022.0,661.0159999999998
169.4,Morning,Weekend,4.0,Low,Clear,25.6,0.63,0.19,654.2,256.62
375.79999999999995,Afternoon,Weekday,4.0,Low,Snow,29.1,1.16,0.47,845.1999999999999,862.2719999999998
328.29999999999995,Afternoon,Weekend,1.0,Medium,Clear,,0.85,0.27,1065.9,589.6479999999999
426.1,Morning,Weekday,3.0,Low,Rain,24.3,0.94,0.49,620.1,728.6829999999999
332.2,Night,Weekend,1.0,Low,Clear,23.1,1.66,0.32,410.20000000000005,705.8159999999999
288.5,Morning,,1.0,High,Clear,32.7,0.61,0.47,916.7,639.534
55.9,Afternoon,Weekday,2.0,High,Clear,43.9,,0.1,303.09999999999997,171.47599999999997
190.2,Night,Weekday,2.0,Low,,24.2,1.14,0.4,496.8,439.74800000000005
139.9,Afternoon,Weekday,4.0,,Clear,23.900000000000002,1.39,0.46,1045.6,699.337
1308.0900130744171,Afternoon,Weekday,1.0,High,Clear,39.300000000000004,0.63,0.16,883.1,3288.7176913785443
486.8,Afternoon,Weekday,4.0,Low,Rain,25.9,1.01,0.14,514.4,589.584
202.60000000000002,Morning,Weekday,3.0,Low,Rain,22.9,0.63,0.27,297.0,230.728
447.1,Night,Weekday,1.0,Low,Rain,25.0,1.94,0.47,459.4,
319.3,Afternoon,Weekday,1.0,Medium,Clear,47.699999999999996,1.71,0.32,376.70000000000005,714.2470000000001
399.5,Evening,Weekend,3.0,Low,Clear,44.6,1.19,0.31,252.5,598.28
256.3,Morning,Weekday,3.0,High,Clear,30.6,0.84,0.16,,390.66
292.7,Morning,Weekend,4.0,Medium,Rain,39.7,1.9,0.1,339.90000000000003,629.8199999999999
251.29999999999998,Morning,Weekend,4.0,Medium,Rain,36.1,1.02,0.42,572.3,532.792
,Afternoon,Weekday,3.0,Low,Clear,40.300000000000004,0.74,0.14,493.7,187.636
364.0,Afternoon,Weekday,4.0,Medium,Clear,40.5,1.34,,1179.4,941.0500000000001
147.6,Evening,Weekend,3.0,Medium,Clear,38.9,1.92,0.47,499.79999999999995,557.1979999999999
21.9,Afternoon,Weekday,1.0,Medium,Clear,28.0,0.51,0.18,142.0,64.72899999999998
326.3,Night,Weekday,1.0,Medium,Clear,21.200000000000003,0.86,0.37,153.3,358.53900000000004
96.8,Morning,Weekday,2.0,Medium,,33.7,1.91,0.13,729.4,313.41
470.79999999999995,Evening,Weekend,1.0,High,Rain,46.7,0.76,0.34,739.3000000000001,655.87
477.40000000000003,Evening,Weekday,3.0,High,Clear,37.1,0.67,0.17,531.5999999999999,447.33
458.29999999999995,Evening,Weekday,4.0,Medium,Clear,45.0,1.36,0.39,546.5999999999999,881.462
191.4,Evening,Weekend,2.0,Low,Snow,49.699999999999996,1.79,0.22,112.0,416.946
17.6,Evening,Weekend,,Low,Clear,24.900000000000002,1.22,0.29,644.0,233.13199999999998
464.90000000000003,Afternoon,Weekday,3.0,Low,Clear,40.8,1.99,0.34,630.5,1180.321
219.8,Morning,Weekday,1.0,Medium,Clear,40.199999999999996,1.52,0.17,222.0,412.036
483.7,Morning,Weekend,2.0,Medium,Clear,49.400000000000006,0.61,0.4,,412.217
482.2,Night,Weekday,3.0,Medium,Clear,49.6,1.99,0.22,192.10000000000002,1051.44
428.0,Afternoon,Weekday,,High,Rain,40.599999999999994,1.11,0.36,166.20000000000002,575.5120000000001
154.3,Evening,Weekday,2.0,High,Clear,27.3,0.93,0.16,751.2,290.991
198.70000000000002,Afternoon,Weekend,1.0,High,,44.0,1.34,0.38,276.0,415.13800000000003
427.1,Morning,Weekday,3.0,Low,Clear,23.2,,0.15,339.09999999999997,484.08099999999996
165.3,Morning,Weekend,4.0,Medium,Clear,43.4,0.63,0.27,249.60000000000002,214.93099999999998
93.10000000000001,Afternoon,Weekend,2.0,Low,Rain,47.300000000000004,0.5,0.2,1151.5,324.1500000000001
282.8,Afternoon,Weekday,2.0,Low,Rain,31.5,1.17,0.4,1032.8,775.496
468.7,Morning,Weekday,4.0,Low,Clear,38.9,1.76,0.2,315.1,926.832
351.1,Afternoon,Weekday,3.0,Low,Rain,32.9,1.36,0.45,426.70000000000005,702.4110000000001
289.3,Morning,Weekday,2.0,Medium,Clear,33.1,2.0,0.46,291.4,745.7439999999999
57.599999999999994,Afternoon,Weekday,2.0,High,Snow,29.3,0.93,0.18,615.7,193.694
311.4,,Weekend,2.0,Low,Clear,42.9,0.92,0.35,72.6,354.798
495.09999999999997,Evening,Weekday,3.0,Medium,Snow,48.099999999999994,0.74,0.14,822.0999999999999,
78.60000000000001,Afternoon,,3.0,Medium,Rain,48.2,0.75,0.26,,
264.0,Afternoon,Weekday,4.0,Low,Clear,25.2,,0.39,1083.4,
439.90000000000003,Morning,Weekday,3.0,Medium,Clear,46.2,1.69,0.36,239.1,
373.0,Morning,Weekday,3.0,Low,Snow,42.1,1.86,0.35,974.7,1077.025
351.5,Afternoon,Weekday,1.0,Medium,Rain,27.599999999999998,,0.21,960.8,918.308
1161.96063616616,Afternoon,Weekend,4.0,Medium,Clear,22.0,0.85,0.25,196.29999999999998,2066.995696997688
1390.6223019422193,Afternoon,Weekday,2.0,Low,Rain,28.0,1.82,0.14,508.29999999999995,2768.4059674137075
,Morning,Weekday,3.0,Low,,47.400000000000006,0.99,0.39,245.7,295.584
406.59999999999997,Afternoon,Weekday,2.0,Medium,Clear,39.0,0.67,0.3,342.9,414.29200000000003
407.0,Evening,Weekday,2.0,,Clear,41.6,1.81,0.38,352.70000000000005,912.296
434.90000000000003,Evening,Weekday,1.0,Low,Clear,27.7,1.45,0.2,689.7,796.245
457.5,Morning,Weekday,3.0,Medium,Rain,41.6,0.75,0.23,523.1,505.038
260.59999999999997,Afternoon,Weekend,4.0,Medium,Clear,20.8,1.14,0.23,1139.8999999999999,
255.7,Morning,Weekday,3.0,High,Rain,31.299999999999997,0.93,0.11,195.3,
401.2,Morning,Weekend,,High,Clear,38.8,1.61,0.24,1169.7,965.46
328.5,Night,Weekday,4.0,Medium,Clear,24.4,1.18,0.42,315.2,544.414
354.0,Morning,Weekday,3.0,,Clear,44.699999999999996,1.98,0.46,938.8,1177.4679999999998
399.90000000000003,Afternoon,Weekday,2.0,High,Clear,27.1,0.58,0.31,439.79999999999995,395.38
446.1,Afternoon,Weekday,,Low,,39.6,1.03,0.28,214.5,559.143
175.6,Evening,Weekday,1.0,Low,Clear,32.2,1.22,0.11,1036.6,360.45799999999997
,Afternoon,Weekday,1.0,Low,Clear,37.9,1.25,0.45,405.20000000000005,462.74
56.1,,Weekday,1.0,High,Clear,23.2,0.97,0.11,,166.464
293.4,Afternoon,Weekday,2.0,High,Clear,20.5,1.59,0.48,701.4,823.678
27.599999999999998,Afternoon,Weekday,3.0,Low,Clear,47.300000000000004,1.81,0.3,592.5,
238.1,Morning,Weekend,1.0,Medium,Rain,28.1,1.91,0.24,620.2,631.719
1003.8042000901908,Afternoon,Weekday,3.0,Medium,Rain,44.6,,,892.0999999999999,3299.130039401465
150.39999999999998,Morning,Weekday,1.0,Low,Clear,50.0,1.78,0.11,150.9,334.31100000000004
299.5,Morning,Weekday,4.0,High,Clear,26.299999999999997,1.33,0.33,818.4000000000001,694.7070000000001
24.900000000000002,Afternoon,Weekday,,Low,Clear,28.0,1.74,0.32,1080.2,416.99
28.3,Morning,Weekday,1.0,Low,Snow,39.900000000000006,0.96,0.19,116.5,89.203
413.1,Afternoon,Weekday,,Medium,Clear,49.0,1.1,,211.8,560.5960000000001
186.5,Afternoon,Weekday,1.0,Medium,Clear,47.5,0.98,0.36,874.0999999999999,544.9459999999999
72.30000000000001,Evening,Weekday,1.0,Low,Clear,35.099999999999994,1.2,0.39,552.9,337.491
265.9,Morning,Weekday,2.0,Medium,Clear,43.9,0.93,0.1,514.0999999999999,342.59700000000004
387.29999999999995,Morning,Weekday,,Medium,Clear,24.1,1.94,0.47,207.5,872.9869999999999
115.8,Morning,Weekday,3.0,Low,Rain,49.3,0.97,0.17,632.8,269.202
315.2,,Weekday,1.0,Low,Clear,48.9,0.65,0.19,195.5,290.925
51.8,Evening,Weekday,2.0,Medium,Clear,24.900000000000002,1.29,0.21,598.1,217.32299999999998
35.3,Morning,Weekend,1.0,Low,Clear,29.0,0.59,0.12,928.1999999999999,161.21099999999998
270.4,Night,Weekday,2.0,High,Clear,23.0,0.67,0.15,,256.218
1457.4705994904548,Morning,Weekday,3.0,High,Rain,28.2,0.83,0.49,602.9,3250.989498083767
322.29999999999995,Afternoon,Weekday,3.0,High,Clear,44.5,1.2,0.23,1190.8,705.144
365.79999999999995,Evening,Weekend,4.0,,Rain,31.299999999999997,1.15,0.15,839.5999999999999,577.91
488.2,Evening,Weekday,2.0,High,Clear,22.7,1.7,0.14,1017.6,995.104
263.0,Evening,Weekday,2.0,Medium,Clear,30.299999999999997,1.61,0.39,527.1,659.299
168.2,Evening,Weekday,4.0,Low,Snow,49.400000000000006,1.14,0.44,933.0,651.6679999999999
399.6,Afternoon,Weekday,4.0,Low,Clear,38.9,1.0,0.2,96.6,457.81999999999994
142.7,Evening,Weekday,2.0,,Rain,32.5,0.97,0.11,191.29999999999998,191.96200000000002
225.10000000000002,Morning,Weekday,4.0,,Clear,25.0,1.66,0.19,283.5,452.53100000000006
48.4,Evening,,3.0,Medium,Rain,49.6,0.58,0.12,512.2,139.136
22.400000000000002,Afternoon,Weekday,1.0,Low,Clear,44.6,0.52,0.14,1022.6,199.41199999999998
481.70000000000005,Evening,Weekend,3.0,Medium,Clear,,1.69,0.27,448.2,963.487
419.6,Afternoon,Weekend,4.0,Low,Rain,22.1,1.22,0.19,802.8,686.5440000000001
351.0,Afternoon,Weekday,2.0,,Rain,21.7,0.7,0.31,865.6999999999999,535.767
210.39999999999998,Afternoon,Weekday,2.0,Low,Rain,23.599999999999998,0.85,0.2,724.0999999999999,347.26
94.9,Evening,,3.0,High,Rain,37.400000000000006,1.9,0.48,460.79999999999995,438.894
86.7,Morning,Weekday,2.0,High,Rain,47.9,1.79,0.46,713.6,531.349
132.6,Morning,Weekday,4.0,Medium,Clear,34.900000000000006,1.56,0.33,443.6,388.14400000000006
279.1,Morning,Weekend,3.0,Low,Clear,45.300000000000004,1.22,0.24,,420.96200000000005
360.20000000000005,Morning,Weekend,2.0,Low,Clear,33.4,1.28,,1191.7,792.3810000000001
333.5,Evening,Weekday,1.0,High,Clear,41.3,1.96,0.26,196.29999999999998,745.9979999999998
147.20000000000002,Morning,Weekday,,Low,Clear,42.0,1.95,0.39,133.2,380.98799999999994
477.9,,Weekend,4.0,Low,Clear,25.2,0.82,0.28,1060.3,713.962
371.59999999999997,Afternoon,Weekend,2.0,Low,,30.8,1.72,0.44,397.1,844.676
281.6,Morning,Weekend,,,Clear,39.1,0.8,0.48,797.8,647.324
,Evening,Weekday,3.0,Medium,Clear,22.1,0.82,0.23,428.40000000000003,374.58599999999996
215.6,Afternoon,Weekday,1.0,High,Clear,,1.51,0.32,500.20000000000005,
131.4,,Weekday,3.0,Low,Clear,36.0,1.11,0.14,351.4,231.05000000000004
184.4,Afternoon,Weekday,2.0,Low,Rain,49.900000000000006,1.9,0.18,444.5,480.27
381.3,,Weekday,4.0,High,Rain,34.2,0.63,0.27,522.3,415.43999999999994
17.1,Morning,Weekday,4.0,High,Clear,44.5,1.27,0.18,878.5,224.34699999999998
66.9,Night,Weekday,4.0,Low,Clear,33.0,1.88,0.45,,446.00700000000006
32.5,Night,Weekday,3.0,Medium,Clear,43.9,1.86,0.16,,285.966
30.0,Afternoon,Weekday,1.0,Low,Clear,37.9,0.73,0.28,98.2,87.29600000000002
429.20000000000005,Morning,Weekday,3.0,High,Clear,46.6,1.05,0.34,628.5,710.95
354.79999999999995,Afternoon,Weekday,3.0,Low,Clear,32.3,1.43,0.38,721.9,813.9859999999999
1166.6768073006572,Morning,Weekday,2.0,High,Clear,38.1,0.74,0.25,1108.1999999999998,2482.952089120906
57.9,Morning,Weekday,2.0,Medium,Clear,38.9,1.95,0.45,106.5,199.73
250.9,Morning,Weekend,2.0,Medium,Snow,32.5,1.87,0.33,709.5,735.818
242.0,Afternoon,Weekday,1.0,Low,Snow,24.3,0.75,0.28,1031.7,494.676
94.9,Evening,Weekday,1.0,Medium,Clear,22.799999999999997,0.68,0.13,328.2,129.998
222.60000000000002,Evening,Weekday,2.0,Medium,Clear,,0.63,0.29,1057.7,467.471
,Evening,,,Low,Clear,46.2,1.86,0.43,71.9,458.9750000000001
311.8,Afternoon,Weekday,1.0,Medium,Clear,27.1,0.79,0.35,892.3000000000001,585.727
321.2,Afternoon,Weekday,4.0,High,Rain,26.299999999999997,1.12,0.43,1123.1,868.9770000000001
32.2,Afternoon,Weekday,1.0,Medium,Clear,42.1,1.17,0.3,805.8,321.51399999999995
193.6,Night,Weekday,1.0,Medium,Rain,29.6,1.4,0.15,554.9,383.875
316.70000000000005,Morning,Weekday,1.0,Low,Clear,35.2,,0.11,101.6,239.563
256.5,Evening,Weekday,2.0,Medium,Snow,24.900000000000002,0.84,0.22,1108.1,484.142
429.7,Afternoon,Weekend,4.0,Low,Clear,48.8,1.9,0.38,590.8,1089.734
332.8,,Weekday,1.0,Medium,Rain,45.5,1.86,0.42,83.3,699.4939999999999
89.80000000000001,Evening,,2.0,High,Clear,45.9,1.67,0.22,843.3,381.39200000000005
44.6,Afternoon,Weekend,3.0,Medium,Clear,32.2,0.53,0.3,604.0999999999999,237.068
324.79999999999995,Evening,Weekday,3.0,Low,Clear,42.9,0.99,0.27,193.0,416.5619999999999
23.0,Night,Weekend,,Low,Clear,24.3,1.44,0.26,296.4,134.48399999999998
,Afternoon,Weekday,3.0,Medium,Rain,20.299999999999997,0.91,0.19,124.2,314.168
470.7,Morning,Weekday,4.0,Medium,Rain,20.6,1.86,0.15,710.4000000000001,1002.662
292.0,Afternoon,Weekday,3.0,High,Rain,37.599999999999994,1.45,0.18,765.3,598.7539999999999
200.2,Night,Weekday,3.0,High,Clear,33.7,0.61,0.12,631.5999999999999,231.614
325.20000000000005,Morning,Weekday,4.0,Medium,Rain,35.5,1.86,0.18,989.7,818.5180000000001
234.5,Afternoon,Weekday,1.0,,Clear,20.2,1.94,0.1,1040.2,579.15
277.4,Afternoon,Weekday,1.0,Low,Clear,,0.62,0.35,758.0,469.98800000000006
471.3,Evening,Weekday,4.0,Low,Clear,41.5,1.3,0.23,64.7,669.0710000000001
199.20000000000002,Morning,Weekday,4.0,Low,Clear,33.3,0.96,0.49,849.5,640.787
,Evening,Weekday,4.0,Medium,Clear,42.0,1.09,0.18,,661.816
453.6,Night,Weekday,3.0,Medium,Clear,27.0,0.77,0.24,700.4000000000001,544.368
105.9,Morning,Weekday,4.0,Medium,Clear,44.400000000000006,,0.24,796.4,380.619
44.0,Morning,Weekend,2.0,Low,Rain,37.7,1.94,0.1,452.8,168.34
59.400000000000006,Night,Weekday,3.0,Low,Clear,26.299999999999997,1.25,0.44,1104.7,586.6179999999999
18.9,Morning,Weekend,1.0,Low,Clear,27.1,0.62,0.11,204.1,61.269
56.3,Evening,Weekday,1.0,Low,Clear,38.8,1.43,,822.2,513.9649999999999
344.7,Afternoon,Weekday,1.0,High,Clear,44.900000000000006,1.01,0.46,55.0,418.34700000000004
44.900000000000006,Morning,Weekday,3.0,Low,Clear,32.5,1.78,0.31,1113.3,457.54499999999996
166.29999999999998,Evening,,2.0,Medium,Clear,27.7,1.15,0.32,179.4,276.353
424.0,Afternoon,,4.0,Low,,46.0,0.79,0.36,159.1,438.23600000000005
21.400000000000002,Afternoon,Weekend,4.0,High,Clear,40.099999999999994,0.79,0.25,433.0,165.25599999999997
409.09999999999997,Afternoon,,1.0,Medium,Clear,33.4,1.65,0.36,479.6,881.071
148.1,Afternoon,Weekend,1.0,Low,Rain,34.6,0.9,0.12,296.4,203.458
67.9,Morning,Weekend,3.0,Medium,Clear,26.099999999999998,1.65,0.12,722.9000000000001,224.88299999999998
351.4,Afternoon,Weekend,2.0,Medium,Clear,38.8,0.81,0.28,559.4,480.06600000000003
318.2,,Weekend,4.0,High,Rain,30.8,0.98,0.32,89.3,371.212
440.0,Morning,Weekday,3.0,Low,Clear,49.900000000000006,1.2,0.46,417.59999999999997,769.996
370.20000000000005,Afternoon,Weekday,4.0,High,,34.4,1.91,0.14,,878.9620000000001
403.7,Afternoon,Weekday,1.0,High,Rain,34.6,1.9,0.43,843.1999999999999,1164.2059999999997
148.2,Evening,Weekday,4.0,High,Clear,37.0,0.81,0.18,883.6,316.09000000000003
96.89999999999999,Morning,Weekday,2.0,Medium,Clear,47.5,1.04,0.26,852.8,370.004
377.8,Night,Weekend,2.0,Medium,Clear,44.0,0.72,0.23,407.59999999999997,409.764
405.3,Afternoon,Weekday,1.0,Medium,Clear,33.5,1.26,0.26,164.60000000000002,586.974
495.3,Morning,Weekday,2.0,Medium,Clear,41.6,1.19,0.16,363.29999999999995,689.135
212.2,Morning,Weekday,2.0,Medium,Clear,37.599999999999994,1.85,0.3,1006.5999999999999,732.1499999999999
192.3,Morning,Weekday,3.0,Medium,Clear,34.8,1.9,0.42,1177.5,894.7199999999999
390.4,Afternoon,Weekday,4.0,Medium,Clear,,1.08,0.28,617.9,620.4440000000001
177.0,Afternoon,Weekend,1.0,Medium,Clear,33.9,1.24,0.3,61.2,271.74
466.1,Evening,Weekday,1.0,High,Clear,27.400000000000002,1.84,0.44,211.1,977.908
430.6,Afternoon,,1.0,Low,Clear,47.400000000000006,1.71,0.38,420.4,943.4780000000001
220.2,Morning,Weekday,1.0,High,Clear,,0.51,0.3,715.4000000000001,
377.9,Afternoon,,1.0,Medium,Clear,48.6,0.98,0.2,136.4,446.222
379.7,Evening,Weekday,2.0,High,Rain,36.0,1.13,0.45,1134.8999999999999,975.7659999999998
60.5,Morning,Weekday,3.0,Medium,Clear,38.9,0.84,0.33,469.79999999999995,244.75400000000002
,Morning,,1.0,Low,Clear,36.3,0.8,0.19,1099.5,607.0450000000001
257.6,Morning,Weekday,3.0,High,Clear,23.900000000000002,0.56,0.21,947.6,367.15200000000004
415.0,Evening,Weekday,3.0,Low,Clear,31.299999999999997,1.47,0.42,918.8,1027.2459999999999
,Afternoon,Weekday,2.0,High,Rain,23.0,0.89,0.12,747.6999999999999,261.176
448.8,Afternoon,Weekday,1.0,Medium,Clear,38.7,0.58,0.5,770.8,684.404
200.7,Evening,Weekday,2.0,Medium,Snow,33.4,0.85,0.15,783.7,321.55
15.3,Evening,Weekday,1.0,Low,Clear,43.3,1.7,0.42,773.0,
453.6,Afternoon,Weekend,,Medium,Rain,26.6,1.78,0.26,686.8000000000001,1012.576
54.699999999999996,,Weekday,3.0,Low,Clear,24.900000000000002,1.22,,1184.4,446.95399999999995
1043.7179088913676,,Weekday,1.0,Low,Rain,32.2,1.12,0.45,892.0999999999999,2065.086519683172
475.5,Morning,Weekday,4.0,Low,Clear,47.800000000000004,1.97,0.27,943.5,1239.28
475.79999999999995,Morning,Weekday,3.0,Low,Clear,41.3,0.8,0.31,1053.3,748.463
291.0,Morning,Weekday,4.0,High,Clear,32.599999999999994,0.82,0.12,298.0,306.98
319.6,Afternoon,Weekday,3.0,High,Clear,35.5,0.94,,146.4,350.56399999999996
229.7,Night,Weekend,2.0,Low,Rain,22.5,0.76,0.2,605.3,318.132
153.7,Morning,Weekday,1.0,,Clear,49.5,1.07,0.37,641.2,451.203
,Morning,Weekday,3.0,Low,Clear,40.0,1.87,0.15,1003.6,510.31000000000006
339.5,Afternoon,Weekday,2.0,Medium,Rain,28.599999999999998,1.42,0.15,,594.75
378.7,Night,Weekday,1.0,High,Clear,37.599999999999994,,0.26,706.5,645.4340000000001
397.9,Afternoon,Weekday,1.0,High,Snow,23.3,1.9,0.36,,1015.5060000000001
396.9,Afternoon,Weekday,3.0,Medium,Rain,49.0,0.57,0.38,,310.915
54.699999999999996,Morning,Weekend,1.0,Medium,Clear,25.2,0.82,0.17,757.5,198.829
252.3,Morning,Weekday,3.0,Low,Rain,39.4,1.35,0.13,1002.2,510.291
,Night,Weekday,1.0,High,Clear,,1.42,0.48,231.1,192.572
279.3,Night,Weekend,4.0,Low,Clear,41.5,0.56,0.2,733.5,344.608
226.29999999999998,Morning,Weekday,2.0,Medium,Clear,43.3,,0.44,732.6999999999999,
445.0,Night,Weekend,4.0,Medium,Clear,40.199999999999996,1.47,0.45,238.79999999999998,801.8099999999998
,Afternoon,Weekday,,Medium,Rain,38.4,1.55,0.41,192.0,399.065
67.4,Evening,Weekend,4.0,Low,Rain,46.8,1.46,0.17,1177.1,345.31100000000004
80.1,Afternoon,Weekday,3.0,High,Clear,,0.98,0.43,502.8,317.102
383.1,Afternoon,Weekend,1.0,Low,Clear,29.900000000000002,0.64,0.41,311.5,402.799
312.9,Afternoon,Weekend,1.0,Medium,Snow,27.400000000000002,1.14,0.34,247.0,468.086
59.6,Afternoon,Weekday,,Low,Clear,49.6,0.69,0.23,817.6999999999999,278.795
51.2,Morning,Weekend,4.0,Low,Clear,31.7,1.92,0.21,750.9000000000001,287.693
353.5,Morning,Weekday,1.0,Medium,Clear,42.0,1.21,0.15,790.1,588.25
45.7,,Weekday,2.0,Medium,Rain,40.5,0.98,0.3,151.2,130.64600000000002
412.70000000000005,Evening,Weekday,1.0,Low,Clear,26.400000000000002,1.65,0.33,1077.6000000000001,1062.963
,Morning,Weekday,2.0,Low,Rain,27.200000000000003,1.25,0.24,497.70000000000005,591.773
,Afternoon,Weekday,4.0,Medium,,28.4,0.97,0.29,410.4,195.81900000000002
51.6,Night,Weekday,2.0,Medium,Clear,32.3,1.72,0.25,581.7,266.477
493.5,Morning,Weekday,2.0,,Clear,27.0,1.8,0.36,498.6,1094.796
193.4,Afternoon,Weekend,2.0,Low,,20.6,1.51,0.46,1043.1,792.46
191.6,Afternoon,Weekend,2.0,Low,Clear,46.4,0.57,,1118.7,345.79099999999994
408.29999999999995,Evening,Weekday,1.0,Low,Rain,49.0,1.35,,399.0,699.9549999999999
474.20000000000005,Morning,Weekday,2.0,Low,Rain,30.2,1.64,0.16,1043.5,974.8480000000001
,Afternoon,Weekday,1.0,Medium,Clear,30.2,0.7,0.35,948.8,707.45
379.20000000000005,Evening,Weekday,2.0,Medium,Rain,20.2,0.84,0.39,1120.4,775.6840000000001
194.4,Night,Weekday,,Low,,40.4,1.82,0.47,332.59999999999997,550.53
50.9,Afternoon,Weekday,4.0,Low,,44.800000000000004,0.53,0.21,713.5,
390.79999999999995,Afternoon,Weekday,,Low,Clear,24.4,1.63,,365.7,836.94
283.6,,Weekend,3.0,High,Clear,24.8,1.21,0.13,997.6999999999999,497.65700000000004
217.89999999999998,Evening,Weekday,2.0,High,Clear,43.7,1.17,0.34,56.1,317.717
454.09999999999997,Afternoon,Weekday,2.0,Low,Clear,38.5,0.51,0.12,699.5,354.031
64.5,Morning,Weekday,2.0,Low,Clear,21.299999999999997,1.73,0.46,440.09999999999997,335.33099999999996
251.4,Night,Weekday,3.0,High,Rain,38.7,1.04,0.31,421.1,430.69700000000006
15.600000000000001,Afternoon,Weekday,4.0,High,Clear,29.3,1.31,0.37,791.5999999999999,342.628
239.60000000000002,Afternoon,Weekday,3.0,,Clear,31.099999999999998,1.52,0.43,1029.2,837.8480000000001
37.599999999999994,Morning,Weekday,4.0,,Clear,43.099999999999994,1.55,0.16,750.6,221.476
68.2,Afternoon,Weekday,2.0,Low,,44.3,1.93,0.12,1031.1,299.65799999999996
67.6,Afternoon,Weekend,,Medium,Clear,32.0,1.3,0.45,354.3,279.315
328.1,Afternoon,Weekend,,Low,Clear,48.4,,0.23,647.4,558.2120000000001
375.6,Morning,Weekday,4.0,Low,,32.2,1.93,0.15,568.1,842.3230000000001
295.9,Afternoon,Weekday,3.0,Medium,Rain,43.2,1.46,0.29,63.4,493.6
481.5,Night,Weekday,2.0,Low,Clear,34.5,0.95,0.34,690.3,726.627
193.70000000000002,Morning,Weekday,3.0,Medium,Clear,46.900000000000006,0.69,0.11,810.8,269.741
150.0,Night,Weekday,3.0,Low,Snow,47.199999999999996,1.76,0.21,730.6999999999999,464.64699999999993
435.6,Afternoon,Weekday,3.0,Low,Rain,22.599999999999998,1.04,0.11,896.7,574.2610000000001
119.60000000000001,Evening,Weekday,2.0,Medium,Snow,48.099999999999994,1.49,0.27,707.0,417.1940000000001
482.0,,Weekday,3.0,Low,Clear,44.800000000000004,1.21,0.46,126.8,686.3480000000002
,Afternoon,Weekday,3.0,High,Clear,43.7,0.8,0.49,183.9,146.611
485.20000000000005,Evening,Weekend,2.0,Medium,,26.0,1.4,0.35,735.9000000000001,962.8449999999999
31.099999999999998,Evening,Weekend,3.0,Low,Clear,44.2,0.59,0.16,366.2,121.141
446.70000000000005,Afternoon,Weekend,2.0,Medium,Rain,45.5,1.12,0.46,141.6,610.94
268.6,Afternoon,Weekday,4.0,Low,Clear,28.700000000000003,1.32,0.31,544.0,551.892
496.59999999999997,Afternoon,Weekend,4.0,High,Clear,48.6,1.15,0.16,687.5,729.6899999999999
,Evening,Weekday,,Low,Clear,21.5,1.62,0.47,428.1,297.551
281.4,Evening,Weekend,3.0,Medium,Clear,24.5,,0.4,878.5,865.5360000000001
485.0,Evening,Weekday,1.0,Low,Clear,36.1,1.66,0.39,790.3,1149.417
266.3,Afternoon,Weekend,1.0,Medium,Clear,37.3,0.56,0.38,432.70000000000005,350.85400000000004
318.4,Evening,Weekday,3.0,High,Snow,39.4,0.79,0.18,918.1,456.19399999999996
1077.8683195771164,Morning,Weekend,1.0,High,Clear,20.5,1.3,0.18,796.0,3227.2599609204462
232.7,Afternoon,Weekend,2.0,Low,Clear,48.8,1.9,0.38,783.1,788.5079999999999
317.5,Morning,Weekday,1.0,,Rain,21.299999999999997,1.75,0.19,686.4,707.341
296.3,Afternoon,Weekday,3.0,High,Clear,24.3,1.76,0.28,63.099999999999994,563.456
451.59999999999997,Afternoon,Weekend,3.0,High,Clear,20.4,,0.41,851.0,798.3299999999999
32.3,Afternoon,Weekday,2.0,Low,Rain,37.0,1.14,0.41,482.40000000000003,271.606
147.7,Afternoon,Weekend,4.0,Medium,Clear,48.0,1.21,0.28,1134.0,544.2370000000001
475.7,Afternoon,Weekday,,Low,Rain,40.0,0.74,0.42,990.6999999999999,808.1119999999999
446.2,,Weekday,2.0,High,Rain,44.699999999999996,0.55,0.44,725.8,609.462
233.29999999999998,Morning,Weekday,1.0,Low,Snow,20.4,1.92,,340.0,590.736
313.9,Afternoon,Weekday,1.0,Low,Clear,36.3,0.86,0.19,284.3,360.27099999999996
145.9,Morning,Weekend,2.0,Medium,Clear,,0.86,0.21,441.4,251.968
102.2,Morning,Weekday,2.0,,Clear,35.0,0.63,0.23,598.1,236.94900000000004
237.2,Afternoon,Weekday,3.0,Medium,Clear,22.200000000000003,1.89,0.15,390.5,529.083
183.1,Afternoon,Weekday,1.0,Medium,Rain,40.5,1.37,0.21,642.2,426.209
296.0,Afternoon,Weekday,2.0,Low,Clear,35.099999999999994,1.5,0.18,240.2,522.336
48.099999999999994,Afternoon,Weekend,1.0,Low,Clear,43.0,1.87,0.28,1174.4,461.779
487.5,Afternoon,Weekend,2.0,Medium,Rain,34.6,1.02,0.46,174.1,611.936
493.2,Evening,Weekday,1.0,Low,Clear,24.5,1.43,0.14,1121.7,886.814
352.1,Afternoon,Weekend,4.0,Medium,Clear,39.4,0.56,0.39,1100.6,665.8100000000001
272.7,Afternoon,Weekend,3.0,High,Clear,25.2,0.78,0.37,654.2,479.96000000000004
161.70000000000002,,Weekday,1.0,Medium,Rain,46.2,1.75,0.14,,452.8790000000001
408.8,Afternoon,Weekend,4.0,Low,Clear,,1.65,0.47,551.5,972.125
345.5,Afternoon,Weekday,1.0,Low,Rain,24.700000000000003,1.03,,,636.15
89.7,Afternoon,Weekday,1.0,Low,Clear,48.9,1.07,0.25,441.70000000000005,255.304
456.4,Afternoon,Weekend,4.0,,Rain,35.6,1.3,0.4,396.3,787.44
413.0,Afternoon,Weekday,1.0,Medium,Rain,22.200000000000003,,0.2,715.0,371.70000000000005
475.4,Afternoon,Weekend,1.0,Medium,Clear,38.8,0.86,0.38,,684.308
365.6,Evening,Weekend,3.0,Low,Clear,27.599999999999998,0.81,0.12,,409.716
310.59999999999997,Evening,Weekday,4.0,Low,Clear,44.1,0.88,0.44,379.7,484.496
214.89999999999998,Evening,Weekend,4.0,Low,Rain,44.5,1.71,0.28,472.0,544.139
467.0,Night,Weekday,2.0,Medium,Clear,49.400000000000006,,0.35,146.5,530.315
434.4,Morning,Weekday,1.0,Low,Clear,35.099999999999994,0.79,0.19,110.1,399.195
32.2,Morning,Weekday,3.0,,Clear,33.6,,0.37,341.5,200.52700000000002
22.9,Morning,Weekend,1.0,Low,Clear,42.599999999999994,1.8,0.41,135.39999999999998,139.334
194.5,Afternoon,Weekday,1.0,High,Clear,24.0,0.86,0.29,169.3,240.367
407.2,Evening,Weekday,2.0,High,Clear,36.4,0.62,0.35,984.9,633.579
493.8,Morning,Weekday,1.0,Low,Clear,36.4,1.03,0.28,94.7,571.5300000000001
83.69999999999999,Night,Weekend,3.0,Low,Rain,22.7,1.62,,807.8,529.882
301.1,Morning,Weekday,3.0,Medium,Clear,32.5,1.33,0.3,363.40000000000003,541.9830000000001
196.6,Night,Weekday,2.0,Low,Clear,45.599999999999994,1.73,0.44,1052.3,848.73
485.3,Afternoon,Weekday,1.0,Medium,Snow,45.7,1.94,,607.7,1242.4160000000002
422.59999999999997,Morning,Weekday,3.0,High,Rain,23.0,1.69,0.26,401.4,841.558
420.79999999999995,Afternoon,Weekend,1.0,Medium,Rain,22.7,1.41,0.19,645.3,738.6349999999999
239.7,Morning,Weekday,1.0,High,Clear,27.9,1.24,0.26,489.3,452.346
213.29999999999998,Morning,Weekday,1.0,Low,Clear,46.2,0.56,0.43,698.9,466.17500000000007
144.0,Afternoon,Weekend,2.0,Low,Clear,23.900000000000002,1.98,0.19,181.70000000000002,343.543
37.599999999999994,Evening,Weekday,,Medium,Rain,41.6,1.08,0.31,1196.5,453.12300000000005
433.7,Afternoon,Weekend,3.0,Low,Clear,23.0,0.73,0.42,539.4,566.1489999999999
408.29999999999995,Afternoon,Weekday,1.0,Medium,Clear,38.7,1.5,0.24,450.5,759.27
499.90000000000003,Afternoon,Weekend,3.0,Low,Clear,30.7,0.93,0.36,866.7,807.6189999999999
1394.7651458377502,Evening,Weekday,1.0,Low,Clear,43.7,1.38,0.2,468.5,2960.886973121837
282.2,Morning,Weekday,3.0,High,Clear,27.0,1.38,0.14,1008.3,557.598
386.8,Afternoon,Weekend,,Low,Clear,39.2,1.17,0.42,572.4,732.164
472.9,Morning,Weekend,1.0,High,Clear,27.1,1.75,0.14,877.5,977.5249999999999
426.3,Morning,Weekend,1.0,High,Clear,41.4,,0.21,173.6,461.52600000000007
131.2,Afternoon,Weekday,3.0,Medium,Snow,46.2,1.17,0.44,1023.0,649.824
230.79999999999998,Morning,Weekend,4.0,Medium,Rain,23.799999999999997,1.31,0.24,896.1,541.212
73.3,Afternoon,Weekend,2.0,Medium,Rain,46.0,1.5,0.49,293.5,299.765
477.5,Evening,Weekday,4.0,High,Rain,37.8,1.68,0.49,,946.379
307.0,Morning,Weekend,4.0,Low,Clear,23.799999999999997,1.09,0.21,413.7,445.307
122.0,Afternoon,Weekend,1.0,Medium,Clear,32.8,1.47,0.12,1172.5,352.84
339.09999999999997,Morning,Weekday,2.0,Medium,Clear,24.8,0.73,0.38,345.4,403.59499999999997
312.9,Night,Weekday,,Medium,Clear,41.0,1.9,0.28,574.5,796.37
185.5,Afternoon,Weekday,1.0,Medium,Clear,42.800000000000004,1.07,0.14,,253.11499999999998
65.6,Evening,Weekday,4.0,Low,Clear,23.2,1.59,0.38,506.8,320.088
339.09999999999997,Afternoon,Weekday,4.0,Medium,Clear,,0.53,0.11,,292.693
265.0,Morning,Weekday,1.0,High,Clear,44.400000000000006,0.81,0.45,1146.1,774.7950000000001
388.40000000000003,Afternoon,Weekday,1.0,Low,Clear,48.099999999999994,1.23,,644.2,628.9040000000001
264.9,Night,Weekday,1.0,High,Clear,35.4,1.82,0.15,992.0,666.318
427.59999999999997,Afternoon,Weekday,2.0,Medium,Rain,48.5,1.29,0.17,679.2,715.568
280.4,Evening,Weekend,4.0,High,Clear,36.1,1.89,0.48,96.89999999999999,612.568
284.9,Evening,Weekend,,Medium,Clear,31.8,1.23,0.38,412.29999999999995,538.901
439.6,Morning,Weekday,3.0,Medium,,45.4,1.24,0.42,711.9,889.502
207.7,Morning,Weekend,4.0,Low,Clear,34.8,,0.26,,473.268
75.7,Afternoon,Weekday,3.0,High,Clear,34.2,1.7,0.23,1038.0,401.63
24.1,,Weekday,2.0,Low,Clear,34.7,0.87,0.19,312.6,115.061
380.0,Evening,Weekday,,High,Clear,45.4,1.85,0.29,303.09999999999997,836.2990000000001
314.0,Night,Weekday,3.0,,Clear,45.0,1.87,0.32,281.3,722.196
355.0,Afternoon,Weekend,2.0,Low,Rain,32.1,1.91,0.35,1110.9,1098.9649999999997
114.39999999999999,Morning,Weekend,1.0,Low,Rain,30.0,1.28,0.2,1030.6,382.552
76.8,Evening,Weekday,3.0,Medium,Clear,34.8,1.52,0.48,941.1,603.2639999999999
17.1,Morning,Weekday,3.0,,Clear,37.2,1.67,0.17,501.59999999999997,151.029
181.8,Evening,Weekday,2.0,High,Rain,27.200000000000003,0.7,0.49,630.0,463.16
299.1,Afternoon,,1.0,Low,Clear,43.8,1.4,0.11,584.0,526.78
202.2,Afternoon,Weekday,1.0,Low,Clear,34.6,0.55,,341.4,244.816
224.4,Morning,Weekday,3.0,High,,30.0,1.25,0.23,630.8,455.584
453.0,Afternoon,Weekend,3.0,Medium,Rain,23.2,0.73,0.28,85.1,377.71799999999996
180.6,Afternoon,Weekend,3.0,High,Clear,27.200000000000003,0.77,0.33,201.6,232.79
261.90000000000003,Afternoon,Weekday,1.0,Low,,48.5,1.05,0.27,1069.6,612.287
394.0,,Weekend,2.0,Medium,Rain,29.2,1.15,0.27,914.4,729.1880000000001
204.3,Evening,Weekday,2.0,Medium,Clear,25.099999999999998,1.43,0.39,536.3000000000001,526.406
314.8,Evening,Weekday,1.0,Medium,,33.8,0.61,0.37,644.7,464.367
432.59999999999997,Morning,Weekday,4.0,Medium,Snow,29.2,1.26,0.43,475.5,778.741
475.3,Morning,Weekday,2.0,Medium,,21.099999999999998,0.77,0.2,901.9,567.461
82.10000000000001,Morning,Weekend,3.0,Medium,Clear,29.700000000000003,1.36,0.34,951.8000000000001,464.9680000000001
464.0,Afternoon,Weekday,4.0,Low,Clear,36.3,1.46,0.33,927.8,1019.914
251.1,Afternoon,Weekday,4.0,Medium,Clear,36.6,1.34,0.25,881.0,593.324
136.5,Afternoon,Weekday,2.0,Low,Clear,30.7,1.61,0.29,,
235.0,Morning,Weekday,4.0,Medium,Clear,33.4,1.0,0.23,438.7,369.30100000000004
490.20000000000005,Afternoon,Weekend,4.0,Low,Clear,49.0,1.65,0.16,590.3,952.278
251.4,Afternoon,Weekday,2.0,Medium,Rain,31.299999999999997,1.15,0.19,430.4,402.18600000000004
171.1,Afternoon,Weekday,,Medium,,27.7,1.23,,918.1999999999999,366.70099999999996
,Night,Weekday,4.0,Low,Clear,27.3,1.47,0.37,428.8,656.944
127.69999999999999,Morning,Weekday,3.0,Low,Clear,33.7,0.53,,209.0,176.62100000000004
47.199999999999996,,Weekday,1.0,Low,Rain,42.800000000000004,1.48,0.48,508.9,356.928
73.2,Afternoon,Weekday,4.0,Medium,Clear,26.200000000000003,1.43,0.39,1176.9,589.867
1228.2019097975328,Afternoon,Weekday,,High,Clear,41.3,0.96,0.12,309.8,2475.983178992313
84.39999999999999,Evening,Weekend,3.0,Low,Clear,20.6,0.63,0.45,754.0,413.0720000000001
78.0,Afternoon,Weekend,,Medium,Clear,32.599999999999994,0.64,0.45,,329.075
324.0,Night,Weekend,4.0,Low,Clear,43.3,1.88,0.28,131.7,689.2959999999999
99.1,Morning,Weekday,1.0,Medium,Rain,30.2,1.53,0.33,611.1,383.48600000000005
179.4,Morning,Weekday,1.0,High,Clear,36.9,0.69,0.49,857.5,580.861
449.4,Evening,Weekday,1.0,Low,Clear,26.099999999999998,1.04,0.31,640.1999999999999,691.938
242.2,Afternoon,Weekend,2.0,Medium,Clear,42.300000000000004,1.39,0.46,,863.292
337.1,Morning,Weekday,2.0,Low,Rain,,1.75,0.13,382.29999999999995,661.2239999999999
94.39999999999999,Morning,Weekday,1.0,Low,Clear,45.599999999999994,0.57,0.18,149.2,126.26400000000001
104.2,Morning,Weekday,1.0,Low,Clear,,0.85,0.28,1127.1,430.058
30.0,Evening,Weekday,2.0,Low,Clear,46.2,1.83,0.33,484.90000000000003,261.117
92.8,Morning,Weekday,3.0,Medium,Clear,30.6,0.51,0.43,712.9000000000001,384.475
146.5,Afternoon,Weekday,4.0,Medium,Clear,41.7,0.8,0.5,960.8,639.3
96.7,Morning,Weekend,4.0,Medium,Clear,29.6,1.94,0.26,423.0,327.178
53.5,,Weekday,1.0,Low,Clear,47.199999999999996,1.42,0.12,873.6,228.002
69.1,Morning,Weekday,3.0,Low,Clear,23.799999999999997,0.89,0.42,205.7,171.69299999999998
235.79999999999998,Afternoon,Weekday,2.0,Medium,Clear,25.4,0.6,0.34,385.0,297.78
111.1,Morning,Weekday,1.0,,,34.8,0.54,0.18,216.4,133.74599999999998
188.5,,Weekday,3.0,Low,Clear,22.5,0.87,0.3,982.9000000000001,481.365
256.70000000000005,Morning,Weekend,3.0,High,,25.9,1.82,0.4,306.0,615.4940000000001
348.29999999999995,Afternoon,Weekday,3.0,Medium,Snow,48.3,1.12,0.41,875.0,797.146
29.3,Evening,Weekend,2.0,Medium,Snow,49.3,1.58,0.3,1134.8,436.03399999999993
401.70000000000005,Afternoon,Weekday,2.0,Medium,Rain,31.299999999999997,1.88,0.22,656.9,931.014
317.7,Afternoon,Weekday,4.0,Low,Clear,47.699999999999996,1.11,0.49,671.0,729.1370000000001
50.099999999999994,Afternoon,Weekend,4.0,Low,Rain,36.3,0.79,0.37,580.2,290.553
438.1,Afternoon,Weekday,3.0,Medium,Clear,28.1,1.28,0.26,424.79999999999995,699.316
461.2,Afternoon,Weekday,3.0,Low,Clear,41.1,1.86,0.21,597.0,1024.302
1387.6388715029725,Night,Weekday,2.0,High,Clear,39.8,1.71,0.39,743.1999999999999,3320.4368867743024
145.7,Afternoon,Weekday,4.0,Medium,Clear,49.699999999999996,0.6,,1183.9,373.9
405.0,Afternoon,Weekend,3.0,Low,Rain,28.0,1.54,,1128.4,843.528
376.59999999999997,Evening,Weekday,4.0,Medium,Clear,40.199999999999996,1.36,0.31,1041.5,875.241
100.39999999999999,Afternoon,Weekend,,Low,Clear,21.6,1.86,0.22,1072.5,444.294
112.6,Morning,Weekend,3.0,Medium,Rain,23.4,0.68,,588.0,305.768
191.5,Afternoon,Weekday,2.0,Medium,Clear,20.099999999999998,1.3,0.15,806.1,389.965
247.39999999999998,Night,Weekend,3.0,High,Clear,50.0,1.82,0.36,1079.3000000000002,888.816
312.9,Morning,Weekday,3.0,Medium,Rain,44.1,,0.21,501.9,
190.79999999999998,Afternoon,Weekend,4.0,Medium,Clear,43.6,1.22,0.1,1156.0,391.976
236.6,Morning,Weekday,3.0,Medium,Clear,35.3,0.61,0.15,528.2,258.856
376.3,Afternoon,Weekday,2.0,High,Clear,29.0,0.92,,741.2,723.56
28.0,Morning,Weekday,3.0,Low,Clear,24.5,,0.45,866.3,442.055
133.7,Afternoon,Weekday,2.0,Low,Rain,28.5,1.92,0.19,1143.1999999999998,502.412
359.5,Evening,Weekday,2.0,Low,Clear,31.299999999999997,0.92,0.41,331.3,497.8730000000001
448.7,Afternoon,,4.0,Low,Clear,42.699999999999996,,0.34,908.1,
260.7,Afternoon,Weekday,1.0,Medium,Clear,36.2,1.51,0.49,648.9,
270.7,Evening,Weekday,1.0,Medium,Clear,22.3,0.74,0.25,358.8,312.318
62.5,Night,Weekend,4.0,Medium,Snow,20.5,1.23,0.37,943.1,446.322
229.20000000000002,Morning,Weekday,3.0,,Clear,23.1,1.61,0.13,685.1,481.17500000000007
271.0,Afternoon,,4.0,Medium,Clear,,1.8,0.26,810.1,730.7259999999999
128.8,Morning,Weekend,2.0,Low,Clear,48.0,1.44,0.49,421.3,439.90900000000005
141.9,Night,Weekend,1.0,Medium,Clear,39.1,1.5,0.32,,445.07000000000005
194.89999999999998,Night,Weekend,4.0,Medium,Rain,44.1,0.69,0.22,760.0,345.781
19.8,Afternoon,Weekday,3.0,Low,Clear,34.0,1.92,0.15,515.6,
,Evening,Weekday,4.0,Low,Clear,30.8,0.7,0.38,278.09999999999997,253.938
113.6,Afternoon,Weekend,1.0,Low,Clear,,1.66,0.36,1155.9,628.0
170.5,Afternoon,Weekday,4.0,High,Rain,46.3,0.9,0.25,638.2,
68.7,Morning,,4.0,High,Clear,43.5,1.9,0.48,894.0,603.15
446.4,Evening,Weekday,1.0,Medium,Rain,25.0,1.58,0.11,522.7,787.809
300.9,Morning,Weekend,,Low,Clear,35.4,1.63,0.22,458.40000000000003,626.715
,Evening,Weekday,2.0,Medium,Rain,34.6,0.83,0.47,518.2,562.678
396.70000000000005,Evening,Weekday,1.0,Medium,Clear,38.8,1.16,0.23,520.6,618.71
254.20000000000002,Evening,Weekday,4.0,Medium,Clear,48.4,1.43,0.2,675.8,547.066
52.599999999999994,Morning,Weekday,1.0,Low,Clear,37.400000000000006,1.65,0.31,675.0,333.44
273.2,Afternoon,,2.0,Low,Clear,36.2,0.66,0.43,621.7,483.843
297.6,Morning,Weekday,3.0,Medium,Rain,21.5,1.94,0.14,205.0,627.544
375.3,Afternoon,Weekday,4.0,Low,Rain,21.9,1.84,0.48,620.5,1010.292
221.5,Morning,Weekend,2.0,Low,Clear,25.6,0.91,0.42,244.5,329.85499999999996
72.5,Night,Weekday,,Low,Clear,21.0,1.73,0.17,195.10000000000002,179.59199999999998
149.1,Afternoon,Weekend,1.0,Medium,Clear,42.300000000000004,1.28,0.38,1122.5,659.6980000000001
187.89999999999998,Afternoon,Weekend,3.0,High,Rain,41.7,1.19,0.25,745.6999999999999,451.726
326.5,Afternoon,Weekday,1.0,High,Clear,24.1,0.97,0.26,808.4000000000001,
289.7,Afternoon,Weekday,3.0,Medium,Clear,45.099999999999994,1.37,0.41,512.1,651.9499999999999
184.5,Afternoon,Weekday,4.0,Medium,Clear,24.6,1.59,0.49,1095.3,854.6519999999999
493.40000000000003,Afternoon,Weekend,4.0,Low,Clear,,1.12,0.15,783.6,699.1480000000001
306.8,Night,Weekday,1.0,Medium,Clear,27.5,1.44,0.27,934.5,721.607
126.19999999999999,Afternoon,Weekday,3.0,,Clear,31.200000000000003,1.55,0.29,473.8,364.212
59.900000000000006,Night,Weekday,3.0,Medium,Clear,27.599999999999998,1.57,0.25,1154.0,410.14300000000003
84.9,Evening,Weekday,,Low,Snow,34.7,,0.25,993.5,332.31699999999995
130.5,Morning,Weekday,1.0,Low,Clear,32.2,1.79,0.12,1032.0,389.63500000000005
88.69999999999999,Night,Weekday,3.0,Low,Clear,49.6,1.19,0.37,248.0,246.91299999999998
101.4,Morning,Weekend,4.0,Low,Clear,21.7,0.89,0.27,361.59999999999997,
149.70000000000002,Evening,Weekday,2.0,,Rain,24.3,0.86,0.18,378.5,221.172
95.0,Afternoon,Weekday,1.0,Low,Clear,21.6,1.22,0.43,361.5,292.945
449.4,Evening,,2.0,High,Clear,,1.83,0.42,1033.7,1295.3559999999998
49.3,Evening,Weekend,1.0,Medium,Clear,21.6,1.07,0.29,86.7,99.494
267.0,Evening,Weekday,4.0,Medium,Clear,45.099999999999994,1.62,0.22,137.5,507.89
211.1,Evening,Weekend,3.0,High,Clear,35.4,0.65,0.36,365.0,304.015
491.4,Afternoon,Weekday,3.0,High,Rain,35.8,1.21,0.22,279.9,691.972
64.9,Morning,Weekday,3.0,Medium,,36.800000000000004,,0.19,316.6,
204.89999999999998,Afternoon,Weekday,1.0,High,Clear,25.099999999999998,1.66,0.39,967.6,742.598
485.0,Morning,Weekday,4.0,Low,Clear,25.9,0.82,0.12,,507.312
434.09999999999997,Afternoon,Weekday,2.0,Low,Rain,29.6,1.25,0.14,56.6,580.149
410.4,Afternoon,Weekday,,Medium,Clear,37.8,0.85,0.1,543.6999999999999,441.01
136.4,Night,Weekend,2.0,Medium,Rain,26.299999999999997,1.11,0.16,519.0999999999999,260.76
93.69999999999999,Afternoon,Weekday,1.0,Medium,Clear,23.5,1.67,0.13,181.0,203.509
337.59999999999997,Evening,Weekday,1.0,Low,Rain,,1.66,0.5,827.6,1023.3159999999999
465.4,Morning,Weekday,2.0,Low,Rain,20.7,0.84,0.22,857.4,600.264
282.8,Evening,Weekday,2.0,Medium,Rain,44.1,1.88,0.16,879.0,716.404
290.1,,Weekday,2.0,Low,Clear,43.6,1.39,0.2,887.6999999999999,624.379
147.20000000000002,Afternoon,Weekday,4.0,Medium,Clear,28.900000000000002,1.07,0.47,50.099999999999994,209.95100000000002
387.1,Afternoon,Weekday,2.0,Medium,Rain,24.1,1.25,0.31,1147.0,863.5450000000001
101.7,Evening,Weekday,1.0,Medium,Clear,,1.41,0.25,986.3,414.37199999999996
168.6,Morning,Weekday,1.0,Medium,Clear,40.9,1.34,0.45,1089.6,757.144
218.5,Afternoon,Weekday,3.0,High,Rain,39.300000000000004,1.23,0.26,68.0,325.735
258.7,Afternoon,Weekday,2.0,,Rain,43.5,1.26,0.23,1123.9,627.9590000000001
128.8,Morning,Weekday,4.0,Medium,Rain,48.099999999999994,0.76,0.18,981.3,322.622
66.3,Afternoon,Weekend,4.0,Medium,Clear,40.8,1.72,0.25,1012.8,408.03600000000006
309.20000000000005,Morning,Weekday,4.0,Low,Rain,24.700000000000003,1.31,0.23,157.3,465.931
151.4,Morning,Weekday,3.0,Low,Rain,27.3,0.7,0.37,899.5999999999999,466.13199999999995
294.8,Morning,Weekday,,Low,Clear,45.300000000000004,1.65,0.22,1153.9,785.578
85.60000000000001,Night,Weekend,4.0,Medium,Clear,26.299999999999997,,0.33,830.3,462.939
245.79999999999998,Afternoon,Weekend,1.0,Medium,Clear,22.200000000000003,1.92,0.13,706.1,585.929
271.0,,Weekday,3.0,High,Clear,41.1,1.05,0.18,1137.5,530.4000000000001
35.4,Afternoon,Weekend,2.0,Low,Snow,32.1,0.7,0.26,559.4,202.32399999999998
174.89999999999998,Afternoon,Weekday,2.0,Low,Clear,47.599999999999994,1.28,0.47,739.2,618.896
75.9,Afternoon,Weekday,2.0,High,,39.5,0.67,0.25,597.8,239.803
41.1,Afternoon,Weekend,4.0,Low,Snow,22.7,1.9,0.37,1122.8,516.226
495.09999999999997,Morning,Weekend,2.0,Medium,Clear,48.4,0.78,0.2,137.5,462.0780000000001
168.0,Afternoon,Weekday,4.0,Medium,Rain,27.799999999999997,0.88,,626.3000000000001,269.58500000000004
406.8,Morning,Weekday,3.0,,Clear,30.099999999999998,1.11,0.12,840.0,582.448
134.8,Afternoon,Weekday,3.0,Low,Rain,32.1,1.07,0.22,960.6999999999999,387.69
343.9,,Weekday,4.0,Low,Clear,21.5,1.69,0.16,720.5,717.971
382.5,Morning,,1.0,Low,Rain,34.900000000000006,1.18,0.17,1095.3,672.451
301.90000000000003,Morning,Weekday,2.0,Medium,,23.700000000000003,0.76,0.4,1133.3,706.4639999999999
241.1,Evening,,2.0,Medium,Clear,32.0,0.9,0.11,124.0,262.63
211.8,Afternoon,Weekday,2.0,Low,Rain,30.5,1.26,0.32,512.7,461.432
180.9,Morning,Weekday,4.0,Medium,Clear,43.2,0.72,0.25,77.0,192.698
465.5,Night,Weekday,3.0,High,Clear,44.1,1.42,0.3,428.8,833.75
417.0,,Weekday,2.0,Low,Clear,24.6,1.35,0.33,667.4,807.792
482.9,Afternoon,Weekend,3.0,Medium,Rain,31.0,1.57,0.23,1097.3999999999999,1041.555
70.9,Night,Weekend,2.0,,Clear,,1.91,0.22,1023.5,391.789
368.1,Morning,Weekday,2.0,Low,Clear,24.5,1.87,0.39,196.6,789.5210000000002
469.79999999999995,Morning,Weekend,4.0,Low,Clear,44.0,1.92,0.45,157.0,1016.666
98.80000000000001,Morning,Weekend,1.0,Medium,Clear,41.2,0.87,0.18,727.6999999999999,258.142
42.599999999999994,Afternoon,Weekend,4.0,,Clear,25.7,0.7,0.14,661.9,148.186
373.1,Morning,Weekday,2.0,High,Clear,31.0,0.95,0.46,356.3,549.343
291.5,Afternoon,Weekday,2.0,Medium,Clear,23.2,1.84,0.24,1084.4,819.816
,Morning,Weekday,1.0,Medium,Clear,38.8,1.96,0.32,1116.5,1224.18
78.5,Afternoon,,3.0,Low,Clear,23.599999999999998,,0.24,513.0,287.235
399.7,Night,Weekday,3.0,Medium,Rain,49.6,0.67,0.15,1073.8,478.46900000000005
108.80000000000001,Evening,Weekday,2.0,Medium,Clear,,1.92,0.34,,419.40600000000006
90.19999999999999,Afternoon,Weekday,3.0,Low,Clear,31.7,1.14,0.31,897.3000000000001,
90.5,Afternoon,Weekend,2.0,Medium,Clear,37.400000000000006,0.51,0.18,597.3,191.069
409.09999999999997,Afternoon,Weekday,1.0,Medium,Clear,47.300000000000004,1.16,0.28,191.0,575.3359999999999
335.90000000000003,Afternoon,Weekday,1.0,Low,Rain,36.6,0.57,0.42,1117.1,697.2450000000001
266.3,Afternoon,Weekend,2.0,High,Clear,25.2,,0.34,572.2,571.264
,Morning,Weekend,1.0,Low,Clear,31.400000000000002,,0.14,894.7,344.31600000000003
439.79999999999995,Evening,Weekend,4.0,Low,Clear,45.300000000000004,1.21,0.32,472.2,728.562
202.3,Afternoon,Weekend,,Low,Clear,39.300000000000004,1.42,0.38,71.7,353.812
410.09999999999997,Morning,,1.0,Medium,Clear,39.5,1.8,0.42,165.6,847.2320000000001
225.2,Afternoon,Weekend,2.0,Medium,Clear,46.0,1.49,0.35,620.7,
194.7,,Weekday,2.0,Low,Clear,46.8,1.15,0.16,843.5,405.6649999999999
236.70000000000002,Evening,Weekday,1.0,Medium,Snow,47.599999999999994,1.73,0.38,434.90000000000003,622.3530000000001
157.7,Evening,Weekday,3.0,Low,Clear,22.799999999999997,1.86,0.37,,630.548
376.3,Evening,Weekday,4.0,Medium,Clear,36.3,0.68,0.11,853.4000000000001,386.058
256.3,Morning,Weekday,3.0,Medium,Rain,42.199999999999996,1.3,0.26,859.5,598.86
123.80000000000001,Afternoon,Weekday,2.0,Medium,Rain,42.699999999999996,0.93,0.23,616.4,299.606
450.79999999999995,Afternoon,Weekend,2.0,High,Clear,38.199999999999996,0.57,,1102.1,702.9329999999999
198.1,Morning,Weekday,3.0,Low,Rain,25.0,1.5,0.19,612.6,438.544
1010.3970354257269,,Weekday,1.0,Low,Rain,43.9,1.79,,567.8,2836.452005933156
454.20000000000005,Evening,Weekend,3.0,Medium,Clear,41.6,0.74,0.47,279.3,508.9789999999999
315.9,Morning,,3.0,High,,22.599999999999998,1.72,0.42,403.8,735.544
67.30000000000001,Afternoon,Weekday,4.0,Low,Clear,33.9,1.78,0.47,98.69999999999999,200.08299999999997
470.5,Morning,Weekday,4.0,Low,Snow,25.2,1.87,0.49,778.6,1286.549
317.6,Morning,Weekday,3.0,Low,Clear,30.099999999999998,0.9,0.1,335.79999999999995,349.52
174.1,Morning,Weekday,,Medium,Clear,20.5,1.86,,399.79999999999995,
78.2,Night,Weekend,2.0,Low,Rain,32.0,0.98,0.27,936.4,361.464
399.09999999999997,Evening,Weekday,4.0,Medium,Clear,36.5,1.33,0.44,426.3,754.875
313.8,Night,Weekday,4.0,High,Clear,38.6,0.58,0.2,328.5,286.30400000000003
271.4,Afternoon,Weekend,2.0,Medium,Clear,39.900000000000006,0.57,0.49,244.4,314.35400000000004
448.0,Morning,Weekend,1.0,Low,Clear,45.099999999999994,1.58,0.35,941.1,1082.325
396.4,Afternoon,Weekday,4.0,Medium,Rain,26.5,1.17,0.42,199.20000000000002,573.952
84.3,Afternoon,Weekday,4.0,Low,Clear,23.599999999999998,0.88,0.13,571.8,
162.7,Evening,Weekday,1.0,High,Rain,45.5,0.79,0.17,,281.64300000000003
131.8,Morning,Weekday,4.0,Medium,Clear,24.700000000000003,1.5,0.4,840.5,558.6
374.5,Afternoon,Weekday,4.0,Low,Clear,49.2,0.5,0.11,778.3,322.063
26.400000000000002,Morning,Weekday,1.0,Medium,Snow,45.300000000000004,1.71,0.43,982.3000000000001,512.833
289.20000000000005,Afternoon,Weekend,1.0,Medium,Clear,35.0,0.62,0.11,101.5,225.469
383.6,Evening,Weekday,3.0,Medium,Clear,49.400000000000006,0.79,0.36,390.90000000000003,493.168
439.6,,Weekday,2.0,Low,Clear,22.9,1.08,0.25,372.2,590.7180000000001
177.60000000000002,Afternoon,Weekday,2.0,,Rain,29.1,,0.34,217.89999999999998,321.634
412.40000000000003,Afternoon,Weekday,1.0,High,Clear,39.1,1.03,0.38,382.59999999999997,609.2600000000001
,Afternoon,Weekday,1.0,Medium,Clear,30.5,0.98,0.24,,190.904
424.79999999999995,Evening,Weekday,4.0,High,Clear,47.9,1.95,0.14,650.1999999999999,967.288
72.5,,Weekend,3.0,Low,Clear,22.0,1.46,0.13,813.3,233.579
204.7,Night,Weekday,3.0,Medium,Rain,36.5,,0.34,488.29999999999995,313.06
,Evening,Weekday,1.0,Medium,Clear,37.7,1.15,0.31,877.4,770.4989999999999
83.5,Afternoon,Weekday,4.0,Medium,Clear,39.6,1.81,0.4,436.59999999999997,365.375
122.30000000000001,Afternoon,Weekday,4.0,Medium,Clear,27.7,0.95,0.3,383.8,259.025
363.9,Afternoon,Weekday,2.0,Low,,30.9,0.64,0.27,672.4,445.344
362.8,,Weekday,2.0,Low,Rain,45.300000000000004,1.64,,77.30000000000001,660.39
324.20000000000005,Evening,Weekday,4.0,Low,Clear,25.8,1.41,0.11,141.8,498.52
350.0,Morning,Weekday,2.0,Low,Snow,44.800000000000004,1.36,0.23,530.7,642.8610000000001
275.9,Night,Weekend,1.0,Medium,Clear,36.9,0.58,0.49,1134.3000000000002,752.7289999999999
133.4,Afternoon,Weekend,4.0,Low,,42.9,0.71,0.45,879.7,533.479
179.4,Afternoon,,2.0,Low,Rain,41.4,1.43,,151.3,332.741
99.0,Afternoon,Weekend,3.0,Medium,Clear,26.200000000000003,0.81,0.34,1023.3,454.31199999999995
455.09999999999997,Evening,Weekday,4.0,Medium,Rain,37.1,1.26,0.44,892.0999999999999,1003.0500000000001
295.9,Afternoon,Weekend,4.0,High,Snow,46.0,1.32,0.28,752.6,647.3160000000001
206.4,Afternoon,,3.0,Medium,,33.0,0.93,0.11,993.3,334.21500000000003
236.4,Morning,Weekend,1.0,Low,Clear,49.0,1.92,0.13,514.7,
474.20000000000005,Afternoon,Weekend,3.0,High,Rain,33.6,,0.3,304.7,959.602
85.1,Morning,,4.0,Medium,Clear,24.3,1.58,0.49,638.8000000000001,471.77
297.3,Evening,Weekend,1.0,Low,Clear,31.7,,0.38,681.2,474.88200000000006
257.9,Afternoon,Weekday,2.0,Medium,Clear,48.6,0.66,0.13,669.0999999999999,305.79699999999997
309.6,Afternoon,Weekday,2.0,High,Clear,29.6,1.24,0.18,699.8000000000001,539.4680000000001
18.9,Morning,Weekday,2.0,Low,,46.0,0.74,0.41,1141.0,527.7959999999998
437.29999999999995,Morning,Weekday,4.0,Low,Clear,46.4,1.97,0.44,1087.6000000000001,1386.4250000000002
,Evening,Weekday,,,Clear,30.5,0.74,0.35,1057.1,745.8429999999998
1081.4699381139415,Morning,Weekday,1.0,Low,Clear,22.5,,0.36,971.5999999999999,2391.71407326413
351.4,Morning,Weekend,2.0,Medium,Clear,41.7,1.05,0.11,1134.8999999999999,535.509
462.0,Morning,,1.0,Medium,Clear,29.3,1.46,0.43,163.29999999999998,774.0390000000001
356.5,Night,Weekend,4.0,Low,Rain,43.5,0.69,0.42,354.90000000000003,438.543
84.7,Evening,Weekend,2.0,High,Clear,33.3,1.15,0.2,619.3,254.565
292.4,Afternoon,Weekend,4.0,Medium,Rain,34.6,0.91,0.38,,689.614
307.3,Morning,Weekend,3.0,Medium,Rain,43.3,1.83,0.19,630.9000000000001,725.53
217.8,Afternoon,Weekday,4.0,,Clear,31.5,0.56,0.12,910.1999999999999,262.692
370.90000000000003,Evening,Weekend,4.0,Low,Clear,33.3,1.87,0.18,,764.647
467.8,Afternoon,Weekend,3.0,Medium,Clear,31.299999999999997,1.75,0.17,340.3,907.801
463.5,Morning,Weekday,1.0,Medium,Clear,31.0,0.95,0.24,891.5,685.2850000000001
230.9,Morning,Weekday,3.0,High,Rain,35.8,1.68,,239.4,488.35
65.5,Morning,Weekend,3.0,Medium,Rain,44.3,0.55,0.3,454.09999999999997,216.555
492.59999999999997,Afternoon,Weekday,4.0,Low,Clear,30.9,1.95,0.29,354.6,1094.304
421.1,Evening,Weekday,1.0,High,Clear,35.699999999999996,1.29,0.21,452.29999999999995,673.9019999999999
71.10000000000001,Morning,Weekday,2.0,Low,Rain,40.099999999999994,0.95,0.11,864.5999999999999,202.75099999999998
,Morning,Weekday,3.0,High,Snow,28.1,1.04,0.34,,668.568
436.2,Morning,Weekday,,High,Clear,28.3,0.6,0.26,688.6,469.0559999999999
264.20000000000005,Night,Weekend,3.0,Low,Clear,48.0,1.98,0.22,164.89999999999998,607.394
299.7,Morning,Weekday,3.0,Medium,Clear,41.7,0.56,0.45,975.8,648.642
205.5,Evening,Weekday,3.0,Low,Snow,37.3,1.48,0.4,475.4,531.5999999999999
36.800000000000004,Afternoon,Weekday,3.0,Medium,Clear,39.4,1.16,0.44,795.8,432.23999999999995
174.20000000000002,Afternoon,Weekday,4.0,Medium,Clear,20.9,1.92,0.3,884.2,620.624
403.40000000000003,Morning,Weekend,1.0,Medium,Clear,38.5,0.87,0.15,291.1,433.12300000000005
12.3,Morning,Weekday,1.0,,Clear,35.3,1.3,0.38,1067.3999999999999,456.902
,Afternoon,Weekday,1.0,Medium,Clear,36.4,1.22,0.18,758.7,384.514
205.10000000000002,Evening,Weekday,3.0,Medium,Snow,30.8,1.55,0.28,543.0,500.74500000000006
273.29999999999995,Afternoon,Weekday,4.0,High,Clear,22.400000000000002,0.6,0.13,259.7,220.141
460.7,Afternoon,Weekend,3.0,High,Clear,25.8,0.79,0.43,1133.6,877.201
179.7,Morning,Weekend,3.0,Low,Clear,48.5,0.82,0.15,918.3,333.59900000000005
180.0,Night,Weekday,1.0,,Clear,32.3,1.61,0.46,289.20000000000005,455.13200000000006
371.4,Evening,Weekday,3.0,Low,Clear,34.0,0.78,0.45,438.40000000000003,520.972
231.6,Morning,Weekday,2.0,High,Clear,21.6,1.36,,981.1,621.095
,Night,Weekday,3.0,Low,Clear,21.099999999999998,0.82,0.4,850.0,459.582
231.70000000000002,Afternoon,Weekday,2.0,Low,Clear,41.5,1.79,0.35,930.6999999999999,781.988
79.0,Afternoon,Weekday,3.0,Medium,Clear,36.1,1.91,0.42,557.4,421.098
96.4,Evening,,4.0,Medium,Clear,35.3,1.28,,873.9,394.645
254.20000000000002,Evening,Weekday,4.0,Low,Snow,27.3,1.03,0.41,494.5,491.871
1265.4762829842768,Afternoon,Weekend,1.0,Low,,42.300000000000004,0.85,0.28,293.0,2249.146628555729
458.29999999999995,Morning,Weekend,3.0,Medium,Clear,25.0,0.57,0.48,,659.479
187.60000000000002,Afternoon,Weekday,2.0,High,Clear,25.7,0.9,0.29,1172.3999999999999,534.5360000000001
294.5,Night,Weekend,,Low,Rain,33.8,1.48,0.29,407.2,
,Morning,Weekday,3.0,Low,Clear,28.599999999999998,1.3,0.41,580.1,682.181
16.4,,Weekday,2.0,Medium,Rain,27.400000000000002,1.92,0.43,825.1,413.681
335.09999999999997,Afternoon,Weekend,4.0,Low,Rain,39.4,1.09,0.32,672.6999999999999,619.923
97.2,Afternoon,Weekend,2.0,High,Clear,39.5,1.54,0.17,1019.9,362.571
480.90000000000003,Afternoon,Weekend,1.0,High,Clear,44.699999999999996,1.23,0.29,926.0,904.747
82.8,Night,Weekday,4.0,Medium,Snow,32.5,1.27,0.49,117.0,194.986
,Morning,Weekday,4.0,Low,Clear,22.200000000000003,0.9,0.4,1198.1999999999998,693.36
,Morning,Weekend,4.0,Medium,Clear,28.2,1.18,0.42,915.3,473.75
498.5,Morning,Weekday,3.0,Medium,Clear,49.400000000000006,1.21,0.11,1043.5,767.3699999999999
256.1,Evening,,3.0,High,Clear,37.9,1.56,0.29,798.9,669.097
301.70000000000005,Afternoon,Weekday,4.0,Medium,Clear,41.3,1.91,0.36,1034.7,990.039
42.9,Morning,,3.0,Medium,Rain,20.2,0.99,0.43,179.20000000000002,139.727
377.5,Evening,Weekday,2.0,Medium,Snow,35.5,0.56,0.12,449.90000000000003,300.888
112.89999999999999,Evening,Weekday,3.0,Medium,Clear,21.099999999999998,,0.44,1057.9,626.572
450.0,Evening,Weekend,3.0,High,Clear,37.1,1.32,0.32,281.90000000000003,721.3080000000001
110.5,Night,Weekday,4.0,Medium,Clear,47.599999999999994,0.75,0.18,140.0,155.675
103.4,Morning,Weekday,1.0,Medium,Clear,49.1,1.64,,956.3,438.625
27.9,Evening,Weekday,1.0,Low,,36.2,1.98,0.21,1010.8,303.71
241.29999999999998,Afternoon,Weekday,1.0,,Snow,33.7,1.92,0.31,237.10000000000002,570.4970000000001
286.8,Evening,Weekday,2.0,Medium,Rain,48.4,,0.12,1032.5,401.74
42.199999999999996,Evening,Weekday,3.0,Low,Clear,40.199999999999996,1.81,0.16,839.8000000000001,250.95
390.0,Evening,Weekend,1.0,Low,Clear,21.9,1.56,0.43,648.1,908.9830000000001
232.10000000000002,Afternoon,Weekday,4.0,Medium,Clear,34.0,1.18,0.15,1004.8000000000001,458.59799999999996
267.0,Morning,Weekend,1.0,Medium,Clear,27.200000000000003,1.31,0.19,532.1,478.06899999999996
226.0,Afternoon,Weekday,1.0,Medium,Clear,34.1,1.77,0.28,273.09999999999997,510.5880000000001
206.4,Night,Weekday,3.0,Low,Clear,33.7,1.22,0.31,377.59999999999997,402.56399999999996
284.20000000000005,Night,Weekday,3.0,Medium,Snow,37.5,1.06,0.41,630.9000000000001,597.421
86.1,Morning,Weekday,3.0,Low,Clear,30.7,1.24,0.28,661.0,322.544
99.1,Morning,Weekend,2.0,Medium,Clear,24.900000000000002,,0.42,976.4,570.7550000000001
432.29999999999995,Morning,Weekday,2.0,Low,Rain,35.099999999999994,0.78,0.35,960.1,708.329
473.6,Evening,Weekday,1.0,,Clear,,1.85,0.15,718.6,1028.8500000000001
192.89999999999998,Evening,Weekend,3.0,Low,Clear,39.900000000000006,1.51,0.16,947.9000000000001,482.843
142.7,Morning,Weekend,1.0,Low,Clear,,1.45,0.27,270.5,
,Afternoon,,4.0,Low,Clear,48.099999999999994,0.65,0.26,107.6,287.716
210.3,Evening,Weekday,4.0,Low,,47.400000000000006,1.41,0.4,1054.7,765.8029999999999
22.400000000000002,Evening,Weekend,3.0,Medium,Clear,26.299999999999997,0.68,0.33,136.9,86.709
86.5,Afternoon,Weekday,3.0,Medium,Rain,21.200000000000003,0.62,0.26,333.7,161.59199999999998
360.79999999999995,Afternoon,Weekday,4.0,Low,Clear,,1.29,0.17,849.5999999999999,652.0640000000001
332.9,Afternoon,Weekday,3.0,High,Clear,44.800000000000004,1.1,0.19,520.9000000000001,509.96100000000007
23.3,Morning,Weekday,2.0,Low,Rain,,1.38,0.33,1057.8,430.22799999999995
118.80000000000001,Afternoon,Weekday,2.0,Medium,Clear,46.7,0.63,0.27,392.70000000000005,227.573
123.2,Afternoon,Weekday,3.0,Low,Clear,38.0,1.15,0.31,63.7,199.427
339.20000000000005,Evening,Weekend,4.0,Low,Clear,35.9,0.76,0.17,395.79999999999995,360.97800000000007
19.7,Afternoon,Weekday,1.0,Medium,Clear,20.8,1.98,0.37,714.8000000000001,324.28200000000004
61.0,Evening,Weekday,3.0,Medium,Clear,27.400000000000002,1.34,,482.29999999999995,321.352
402.0,Morning,Weekday,3.0,High,Clear,33.8,1.53,0.2,665.1,781.8800000000001
97.5,Afternoon,Weekend,1.0,Medium,Clear,38.9,0.99,0.3,1058.1,452.855
329.79999999999995,Morning,Weekday,3.0,High,Clear,36.7,0.64,0.49,1099.4,786.4779999999998
126.7,Morning,Weekday,1.0,Low,Snow,,1.96,0.23,355.90000000000003,372.489
58.7,Evening,Weekend,4.0,Low,Clear,28.4,0.93,0.34,581.5,280.701
129.2,Night,Weekend,2.0,Low,Rain,36.9,1.14,0.14,,
363.9,Morning,Weekday,4.0,Low,Clear,22.599999999999998,1.47,0.34,1141.5,945.643
429.3,Afternoon,Weekday,2.0,Medium,Clear,32.400000000000006,0.54,0.14,1198.4,431.9980000000001
416.8,Evening,,1.0,Medium,Rain,42.5,1.72,0.48,320.7,
204.60000000000002,Morning,,,Low,Clear,40.8,1.3,0.39,886.0,652.3199999999999
337.40000000000003,Afternoon,Weekday,4.0,High,Rain,49.699999999999996,0.92,0.42,484.7,563.682
110.39999999999999,Evening,Weekend,2.0,High,Clear,28.3,0.59,0.38,59.3,115.96999999999997
153.6,Afternoon,Weekday,1.0,Low,Clear,34.900000000000006,0.74,0.34,60.599999999999994,169.16799999999998
449.20000000000005,Morning,Weekday,2.0,Low,Clear,29.900000000000002,1.84,0.28,579.7,1018.7439999999999
16.4,Afternoon,Weekday,3.0,Low,Clear,33.199999999999996,1.53,0.44,611.5999999999999,327.396
51.900000000000006,Evening,Weekday,4.0,Low,Rain,45.7,0.87,0.48,76.0,127.333
111.89999999999999,,Weekday,3.0,Low,Clear,40.5,0.6,0.3,840.0,359.64
23.0,Morning,Weekend,1.0,Medium,Snow,,1.54,0.47,388.1,264.327
98.9,Evening,Weekday,2.0,Low,Snow,26.099999999999998,1.36,0.33,693.9,389.59100000000007
295.7,,Weekday,3.0,Low,Clear,46.2,1.11,0.32,396.1,501.1790000000001
216.5,Evening,Weekday,3.0,High,Clear,21.8,1.05,,242.2,316.941
447.40000000000003,Morning,,,Medium,Rain,46.7,0.83,0.18,518.2,511.318
410.5,Night,,2.0,High,Snow,29.900000000000002,1.5,0.1,317.1,677.36
177.5,Afternoon,Weekday,4.0,Low,Clear,,1.96,0.2,665.0,510.3
137.10000000000002,Afternoon,Weekday,3.0,Low,Clear,35.4,0.76,0.3,278.7,223.206
196.0,Morning,Weekday,3.0,Medium,Clear,48.2,1.4,,634.7,481.27500000000003
299.20000000000005,Afternoon,Weekday,1.0,Low,Clear,21.400000000000002,1.14,0.28,231.0,
141.4,Evening,Weekday,4.0,Low,Clear,30.6,,0.49,821.5999999999999,598.6220000000001
315.79999999999995,Night,Weekend,1.0,Medium,Rain,45.7,0.88,0.24,917.0,543.684
210.6,Afternoon,Weekend,3.0,Medium,Clear,31.9,1.74,0.28,177.0,447.904
280.5,Afternoon,Weekday,1.0,Medium,Clear,26.0,1.23,0.15,588.0,459.21500000000003
223.70000000000002,Evening,Weekday,3.0,Medium,Clear,32.7,1.32,0.12,131.5,343.764
154.3,Evening,Weekend,3.0,Medium,Clear,31.6,0.96,0.41,737.9000000000001,482.267
474.7,Afternoon,Weekend,1.0,Low,,47.5,,0.33,354.09999999999997,529.8720000000001
384.20000000000005,Afternoon,Weekday,1.0,Low,Clear,42.9,0.63,0.4,656.8000000000001,547.6660000000002
78.7,Afternoon,Weekday,2.0,Low,Clear,35.2,1.57,0.16,645.1,261.975
435.5,Afternoon,Weekday,2.0,Low,,49.699999999999996,0.79,0.33,1113.0,
248.79999999999998,Morning,Weekend,2.0,High,Clear,34.0,1.54,0.2,681.4,553.432
448.29999999999995,Afternoon,Weekend,3.0,Medium,Snow,21.7,1.09,0.19,720.4000000000001,647.2230000000001
401.9,Afternoon,Weekday,1.0,Medium,Clear,27.9,1.12,0.1,511.9,529.218
218.4,Evening,Weekday,4.0,Low,Clear,33.1,1.2,0.15,1141.4,466.39000000000004
21.0,Morning,Weekend,3.0,Low,Clear,,1.05,0.22,943.8,254.38600000000002
141.7,Afternoon,Weekend,4.0,Low,Snow,48.4,0.65,0.15,378.2,197.235
275.4,Afternoon,Weekend,1.0,Low,Clear,43.0,0.96,0.49,1020.8,807.576
320.4,Afternoon,Weekend,3.0,Low,Clear,,1.5,0.22,547.3,629.006
136.4,Morning,Weekday,4.0,Medium,Rain,37.7,1.5,0.15,1003.0,392.75
78.3,Afternoon,Weekday,4.0,Medium,Clear,41.6,0.93,0.18,996.3,293.753
419.09999999999997,Afternoon,Weekday,2.0,Medium,Clear,48.2,1.19,0.34,267.2,637.777
492.40000000000003,Afternoon,Weekday,2.0,Medium,Clear,46.4,0.79,0.13,856.3,546.7150000000001
267.6,Afternoon,Weekday,2.0,High,Clear,35.5,0.82,0.44,384.20000000000005,423.98
94.1,,Weekend,3.0,Low,Clear,43.2,0.53,0.48,392.1,281.281
143.4,Evening,Weekday,1.0,Low,Rain,36.9,1.85,,,380.34999999999997
19.0,Morning,Weekend,1.0,Low,Clear,36.6,0.82,0.28,884.4,299.812
458.0,Evening,Weekday,2.0,Medium,Rain,,0.84,0.11,314.3,
67.69999999999999,Afternoon,Weekend,2.0,High,Clear,23.799999999999997,0.92,0.36,51.0,104.444
,Morning,Weekday,2.0,Low,Rain,35.9,0.69,0.27,872.5,473.29999999999995
144.3,Morning,Weekday,4.0,High,Clear,28.1,1.46,0.21,246.9,290.627
281.5,Afternoon,Weekday,2.0,High,Clear,20.6,0.61,0.18,170.2,222.95100000000002
329.20000000000005,Evening,Weekday,4.0,Low,Clear,41.7,0.7,0.36,323.1,388.45599999999996
,Evening,Weekend,1.0,Low,Snow,21.0,1.47,0.27,486.9,764.8649999999999
111.1,Evening,Weekend,3.0,Medium,Clear,37.9,1.01,0.17,597.3,251.652
15.4,Afternoon,Weekday,3.0,High,Clear,36.2,1.56,0.38,101.30000000000001,98.718
77.1,Afternoon,Weekday,3.0,Low,Clear,49.1,,0.33,1166.2,537.26
451.0,Morning,Weekday,3.0,Medium,Clear,,0.88,0.44,873.5,815.72
438.2,Afternoon,Weekday,4.0,Low,Clear,21.9,1.48,0.15,421.70000000000005,733.691
302.7,Afternoon,Weekend,4.0,Medium,Clear,36.6,0.67,0.41,416.5,410.17400000000004
304.3,Morning,Weekend,2.0,Medium,Clear,45.199999999999996,1.3,0.37,565.8,650.136
335.90000000000003,Morning,Weekday,4.0,Medium,Clear,49.900000000000006,1.16,0.15,770.1999999999999,555.074
95.9,Afternoon,Weekend,2.0,High,Clear,32.9,0.9,0.38,218.29999999999998,202.164
458.1,Evening,Weekday,2.0,High,Clear,,1.41,0.28,267.3,750.3649999999999
215.2,Night,Weekend,3.0,High,Rain,47.199999999999996,1.81,0.48,1038.3,935.096
197.7,Night,Weekday,4.0,Low,Clear,25.7,2.0,0.16,344.7,476.252
264.3,Afternoon,Weekend,4.0,Medium,Clear,38.5,1.41,0.36,487.2,586.5549999999998
33.0,Afternoon,Weekend,2.0,Low,Clear,32.2,1.11,0.25,1052.0,331.83
91.5,Afternoon,Weekday,2.0,Medium,Snow,21.200000000000003,0.84,0.48,812.6,488.108
371.59999999999997,Evening,Weekend,1.0,Medium,Snow,30.4,0.89,0.23,443.0,463.014
50.599999999999994,Morning,Weekday,1.0,Medium,,28.0,1.22,0.48,836.3,491.15599999999995
,Afternoon,Weekday,2.0,Medium,Clear,40.599999999999994,1.05,0.46,72.6,394.771
130.2,Evening,Weekday,1.0,High,Clear,48.5,1.87,,896.0,480.13399999999996
200.79999999999998,Afternoon,Weekend,1.0,Low,Clear,28.0,1.05,0.42,,495.082
151.5,Afternoon,Weekend,2.0,,Clear,44.3,1.06,0.5,985.1999999999999,697.49
184.3,Afternoon,Weekend,2.0,Low,Clear,21.7,1.08,0.2,1147.8,450.3040000000001
362.29999999999995,Morning,Weekend,4.0,,Rain,36.1,,0.27,,971.0939999999999
155.6,Afternoon,Weekday,2.0,,Rain,22.1,1.48,,1095.6999999999998,592.0550000000001
287.5,Afternoon,Weekend,2.0,High,Rain,48.0,1.42,0.22,639.0,596.8299999999999
243.29999999999998,Morning,Weekday,3.0,High,Clear,43.0,1.0,0.11,464.20000000000005,337.36199999999997
,Morning,Weekday,4.0,High,Clear,39.7,1.73,0.19,584.8,730.7080000000001
469.0,Evening,Weekday,4.0,High,Clear,44.699999999999996,0.56,0.21,843.4000000000001,484.45400000000006
369.0,Morning,Weekend,4.0,Low,Clear,39.4,1.81,0.28,1066.6,1005.938
115.3,Afternoon,Weekend,3.0,Low,Rain,49.1,1.27,0.17,,244.491
25.299999999999997,Morning,Weekday,2.0,Medium,Clear,41.4,1.1,0.45,1105.9,566.885
138.5,Night,Weekday,4.0,Medium,Clear,47.699999999999996,1.25,0.38,987.5,596.075
301.6,Morning,Weekend,4.0,Medium,Clear,35.5,1.5,0.13,1175.6999999999998,
35.2,Afternoon,Weekday,,Low,Clear,23.5,,0.36,1062.3,424.232
253.2,Evening,Weekend,4.0,Medium,Rain,35.8,1.81,0.36,371.9,627.976
302.5,Evening,Weekend,2.0,Medium,Clear,23.799999999999997,1.17,0.48,171.8,460.189
173.79999999999998,Morning,Weekday,2.0,Low,Rain,37.8,1.01,0.1,179.1,231.248
387.70000000000005,Evening,Weekday,1.0,Medium,Clear,34.5,0.71,0.2,384.90000000000003,386.747
62.199999999999996,Afternoon,Weekend,4.0,Medium,Clear,38.7,1.16,0.47,756.3,466.31300000000005
46.8,Afternoon,Weekend,4.0,Medium,Rain,20.299999999999997,1.24,0.47,975.0,536.582
366.8,Morning,Weekday,4.0,Low,Clear,25.8,1.11,0.39,1084.1,855.7470000000001
252.8,Morning,Weekend,3.0,Medium,Snow,34.7,1.52,,767.3000000000001,733.549
347.29999999999995,Evening,Weekday,4.0,Low,Clear,48.5,1.13,0.14,56.5,448.8589999999999
223.1,Afternoon,Weekday,2.0,Low,Clear,31.5,1.94,0.31,264.3,546.247
130.7,,Weekend,2.0,Medium,Clear,32.7,1.4,0.19,164.7,246.97299999999998
411.4,Evening,Weekend,3.0,Medium,Rain,41.4,1.71,0.17,467.8,824.4200000000001
401.70000000000005,Evening,Weekday,3.0,Low,Clear,38.1,0.66,0.42,626.5999999999999,566.394
350.4,Morning,Weekend,4.0,Medium,Rain,29.0,1.1,0.15,99.9,
143.4,Afternoon,Weekday,1.0,Medium,Clear,32.3,1.01,0.29,450.7,307.837
,Morning,Weekday,3.0,Medium,Clear,26.5,1.35,,256.1,553.348
186.9,Evening,Weekday,3.0,Medium,Clear,49.0,1.79,0.17,794.0999999999999,518.548
54.900000000000006,Afternoon,Weekend,4.0,Medium,Clear,23.900000000000002,0.62,0.49,583.9,344.049
459.5,Night,Weekday,4.0,Medium,Clear,31.200000000000003,0.61,,619.6,621.2950000000001
77.0,Morning,Weekday,3.0,Low,Rain,20.8,1.78,,541.8,331.23600000000005
475.6,Morning,Weekday,1.0,Low,Clear,26.7,0.82,0.17,1149.4,612.09
228.5,Morning,Weekend,3.0,Medium,Clear,43.4,,0.23,296.90000000000003,454.43700000000007
